geoid,lat,lon
26093710100,42.7751193,-83.7129378
26093710300,42.744287,-83.7749936
26093710500,42.750842,-83.7333696
26093710700,42.7200766,-83.7182379
26093711000,42.7467018,-83.8657695
26093712101,42.6552668,-83.9051422
26093712102,42.6666203,-83.8490549
26093712601,42.6144767,-83.8856955
26093712602,42.6124793,-83.8249359
26093713100,42.66599,-83.7134045
26093713300,42.6671936,-83.7743494
26093713500,42.6263733,-83.7110769
26093713700,42.6113129,-83.7673269
26093720100,42.7386083,-84.0906427
26093721100,42.7325397,-83.9747918
26093722100,42.6682882,-84.0900604
26093722300,42.6593804,-84.0737435
26093722500,42.6318011,-84.0870794
26093724001,42.616017,-84.0021992
26093724002,42.6545565,-83.9894791
26093724003,42.6584895,-83.926721
26093725000,42.6170989,-83.9332235
26093725101,42.6012853,-83.9341682
26093730101,42.5781224,-84.0072081
26093730102,42.5668248,-83.9396705
26093730600,42.5201746,-83.9787227
26093731100,42.5533187,-84.0803383
26093732100,42.4719749,-84.074565
26093733100,42.4923628,-83.9774198
26093733603,42.4514807,-83.9191828
26093733604,42.4439659,-83.9810549
26093740200,42.5642452,-83.7026909
26093740300,42.5936549,-83.7674667
26093740500,42.5665773,-83.782979
26093740600,42.5669591,-83.7547169
26093740700,42.5588457,-83.7275845
26093740800,42.5256516,-83.7386731
26093740900,42.5398921,-83.7640492
26093741100,42.5388608,-83.7939714
26093741601,42.526145,-83.7914577
26093741602,42.5167176,-83.7831035
26093742201,42.5772365,-83.8150497
26093742202,42.563473,-83.806214
26093742403,42.5875864,-83.8728434
26093742500,42.544465,-83.8862855
26093742700,42.5529419,-83.8538109
26093742900,42.5364638,-83.8239378
26093743300,42.4937413,-83.7982996
26093743400,42.4942962,-83.8576787
26093743500,42.4680975,-83.8829428
26093743600,42.4745564,-83.8479006
26093743700,42.4442933,-83.803602
26093743800,42.4407411,-83.8535899
26093743900,42.4438653,-83.8907768
26093744200,42.4954038,-83.7241765
26093744400,42.5036714,-83.7810598
26093744600,42.4688265,-83.7790136
26093744700,42.4559394,-83.727062
26093744800,42.4668194,-83.677287
26093744900,42.4362046,-83.730963
26099206700,42.8059331,-83.004468
26099210000,42.8508166,-82.8072314
26099211000,42.8100806,-82.7546883
26099212000,42.8559188,-82.9123841
26099214000,42.8547421,-83.008896
26099214500,42.8489807,-83.0563907
26099215000,42.7795008,-83.0265857
26099215201,42.7404823,-83.043475
26099215202,42.7343394,-83.0802717
26099215300,42.7238974,-83.0390244
26099215500,42.7358674,-83.0005666
26099216000,42.7621506,-82.9204704
26099217000,42.7739786,-82.8136204
26099218001,42.7297621,-82.7970398
26099218002,42.7422745,-82.768528
26099220002,42.6751585,-82.7444304
26099220003,42.7016522,-82.7486117
26099220004,42.6921061,-82.720926
26099221100,42.6548876,-82.8440971
26099221200,42.6667818,-82.8063857
26099221500,42.7076282,-82.8292108
26099221800,42.7068374,-82.7756395
26099222103,42.6853113,-82.8349847
26099222104,42.6855739,-82.8106974
26099222105,42.6851285,-82.7726069
26099222106,42.6807812,-82.7993532
26099222500,42.6593635,-82.7688248
26099222800,42.655689,-82.7907353
26099223401,42.6598807,-82.8780366
26099223402,42.6337937,-82.8784468
26099223500,42.703102,-82.8827369
26099223801,42.6933511,-82.9684588
26099223802,42.7091274,-82.9469438
26099223803,42.6891663,-82.9408833
26099223901,42.6800845,-82.9222408
26099223902,42.6752398,-82.963996
26099224001,42.6660725,-82.9503847
26099224002,42.6656273,-82.9102758
26099224101,42.6521583,-82.9072921
26099224102,42.6490276,-82.9265875
26099224201,42.635871,-82.9261759
26099224202,42.6344062,-82.9106685
26099224300,42.6493086,-82.9653986
26099224400,42.6508405,-82.9471225
26099224500,42.634855,-82.9645784
26099224600,42.6355037,-82.9458814
26099225100,42.6904834,-83.0244489
26099225200,42.6933244,-83.039639
26099225300,42.6990166,-83.0637653
26099225401,42.690048,-83.0809138
26099225402,42.7049187,-83.0834863
26099225500,42.6756696,-83.0743601
26099225600,42.6381149,-83.0795415
26099225701,42.6312787,-83.0637229
26099225702,42.6466933,-83.0663254
26099225800,42.6625061,-83.0634452
26099225900,42.651572,-83.0279329
26099226101,42.7040054,-82.9857112
26099226102,42.6996167,-83.0092212
26099226400,42.6763514,-82.9970276
26099226700,42.6658304,-82.9989484
26099227000,42.6506581,-82.9971064
26099227300,42.6359234,-82.9823936
26099228000,42.630554,-83.0120529
26099228100,42.6292955,-83.038086
26099230000,42.6196998,-82.9868613
26099230200,42.6009844,-83.0033007
26099230300,42.6183267,-83.0023234
26099230400,42.6174748,-83.0239325
26099230501,42.6137386,-83.0383691
26099230502,42.5980083,-83.0366658
26099230602,42.6009047,-83.0706845
26099230603,42.6167006,-83.0615628
26099230604,42.6161613,-83.0813431
26099230700,42.5863683,-83.0822161
26099230800,42.5897956,-83.0648941
26099230901,42.5882352,-83.0199874
26099230902,42.5962935,-83.0235006
26099231000,42.5819401,-82.9998482
26099231100,42.5690872,-82.9896136
26099231200,42.5738675,-83.0206681
26099231400,42.5688955,-83.0599903
26099231500,42.5729272,-83.0774756
26099231600,42.5606318,-83.0804948
26099231700,42.557462,-83.0591033
26099231800,42.5586866,-83.0194985
26099231900,42.5594274,-82.9990423
26099232000,42.558516,-82.982007
26099232100,42.5466901,-82.9874817
26099232200,42.5410268,-83.0179474
26099232301,42.5430438,-83.0584199
26099232400,42.5426164,-83.0781563
26099232500,42.6022163,-82.9862098
26099233000,42.5930355,-82.9784485
26099240000,42.6199454,-82.8744394
26099240300,42.6029345,-82.9633873
26099240400,42.5908354,-82.9602257
26099240500,42.5779103,-82.9627633
26099240601,42.5848545,-82.9467159
26099240602,42.5938595,-82.9379521
26099240700,42.579147,-82.936503
26099240801,42.5779154,-82.9225597
26099240802,42.577186,-82.9147474
26099240900,42.5756894,-82.900889
26099241000,42.5782088,-82.8750252
26099241200,42.5617999,-82.9083931
26099241300,42.5633627,-82.9260016
26099241400,42.5606604,-82.9412542
26099241500,42.5602831,-82.9604269
26099241600,42.5467611,-82.9249962
26099241700,42.5478444,-82.9119599
26099241800,42.5451481,-82.884728
26099241900,42.5618601,-82.8834687
26099242001,42.6100056,-82.9609019
26099242002,42.6254529,-82.9695221
26099242003,42.6162223,-82.9679162
26099242100,42.5617943,-82.8665345
26099242500,42.615157,-82.9429276
26099243000,42.6190197,-82.925109
26099243501,42.616246,-82.9079478
26099243502,42.6242623,-82.9011364
26099244000,42.603219,-82.9201758
26099245000,42.6001817,-82.8664728
26099245100,42.6048738,-82.8821923
26099245200,42.6068764,-82.8926592
26099245300,42.5902884,-82.8914911
26099245400,42.5875854,-82.8758899
26099247100,42.6118232,-82.8550942
26099247201,42.5826327,-82.8373918
26099247202,42.5783206,-82.8534607
26099247301,42.5759043,-82.7922249
26099247302,42.6041115,-82.7891713
26099247400,42.5708636,-82.8268413
26099247500,42.5637012,-82.8429196
26099247601,42.5624873,-82.8623645
26099247602,42.5530345,-82.8524694
26099250000,42.537204,-82.869279
26099250100,42.5313441,-82.874123
26099250200,42.5257383,-82.8795525
26099250300,42.5352132,-82.8952285
26099250400,42.5177284,-82.9010981
26099250500,42.5176429,-82.893636
26099250600,42.5162474,-82.883618
26099250700,42.5061325,-82.8859088
26099250800,42.5065204,-82.9082526
26099250900,42.4991866,-82.9078458
26099251000,42.4998081,-82.8872545
26099251100,42.4908002,-82.8841619
26099251200,42.4820722,-82.8849489
26099251300,42.4888502,-82.9029136
26099251400,42.4877726,-82.9123809
26099251500,42.4769314,-82.9100324
26099251600,42.472693,-82.8793045
26099251700,42.4674381,-82.8940531
26099251800,42.4582759,-82.9182234
26099251900,42.4585458,-82.9061844
26099252000,42.4619159,-82.8915679
26099252100,42.4545599,-82.8967925
26099252200,42.4565069,-82.8756121
26099254000,42.5439179,-82.9401057
26099254100,42.5459975,-82.963414
26099254200,42.5275946,-82.9591536
26099254500,42.5345914,-82.9363743
26099255000,42.531719,-82.9171726
26099255100,42.5173176,-82.9130987
26099255200,42.5206312,-82.935395
26099255300,42.5131655,-82.9406965
26099255400,42.5172926,-82.9601395
26099255500,42.5053782,-82.9581393
26099255600,42.5060155,-82.9395307
26099255700,42.5059378,-82.924776
26099255800,42.4983898,-82.9271768
26099255900,42.4985851,-82.941787
26099256000,42.4978673,-82.9579484
26099256100,42.4904523,-82.9597083
26099256200,42.4910871,-82.9463999
26099256300,42.4908078,-82.9351052
26099256400,42.4912796,-82.923115
26099256500,42.4840704,-82.9218086
26099256600,42.483628,-82.9357976
26099256700,42.4838855,-82.9520478
26099256800,42.4835809,-82.9629119
26099258000,42.4735226,-82.922429
26099258100,42.4761583,-82.938246
26099258200,42.4763596,-82.9592308
26099258300,42.4685712,-82.9636535
26099258400,42.4686004,-82.9414398
26099258500,42.4568132,-82.9304497
26099258600,42.4599058,-82.9387827
26099258700,42.46081,-82.9537602
26099258800,42.4535866,-82.9544241
26099258900,42.458764,-82.9666871
26099260000,42.534101,-82.9796042
26099260100,42.5264659,-82.9785529
26099260200,42.525254,-82.9981416
26099260300,42.5331155,-82.9979853
26099260400,42.5294712,-83.0187008
26099260600,42.5319758,-83.0523745
26099260700,42.5246441,-83.0555163
26099260800,42.5276648,-83.077369
26099260900,42.5128492,-83.0768207
26099261000,42.5154581,-83.0562942
26099261100,42.5140229,-83.0179833
26099261200,42.5180204,-82.9977831
26099261300,42.5108965,-82.9974121
26099261400,42.5190223,-82.9784328
26099261500,42.5118291,-82.9780507
26099261601,42.5040715,-82.9823926
26099261700,42.5036757,-82.9968476
26099261800,42.4960419,-82.9969821
26099261900,42.4956854,-83.0170761
26099262000,42.5031346,-83.0174817
26099262100,42.4989002,-83.0370529
26099262200,42.4984986,-83.056563
26099262300,42.4974597,-83.0767476
26099262400,42.4831961,-83.0749746
26099262500,42.483681,-83.0518063
26099262600,42.4847604,-83.0112301
26099262700,42.485103,-82.996637
26099262800,42.4852963,-82.976387
26099262900,42.4719493,-82.9780087
26099263200,42.4662854,-83.0279435
26099263400,42.4696409,-83.0550848
26099263500,42.4692649,-83.0745718
26099263600,42.4545873,-83.0739228
26099263700,42.4549003,-83.054472
26099263800,42.4552791,-83.030382
26099263900,42.459635,-83.0160998
26099264000,42.4522849,-83.0156231
26099264200,42.4567641,-82.9785661
26099267600,42.4969307,-82.9775636
26099268000,42.4811846,-83.0217377
26099268100,42.4799631,-83.0329084
26099268200,42.6412669,-82.8201443
26099268300,42.4563257,-82.9916213
26099268400,42.4678633,-83.0021537
26099980000,42.6204189,-82.9580955
26099980100,42.5048675,-82.9730744
26099982001,42.5762709,-83.0422541
26099982002,42.558135,-83.0342354
26099982100,42.6165699,-82.8266518
26099982200,42.4597146,-83.040463
26099982300,42.518869,-83.0356379
26115830100,42.0456483,-83.2514214
26115830200,42.0024931,-83.2778305
26115830300,42.0523047,-83.3425283
26115830400,42.0516656,-83.4033989
26115830500,42.0457819,-83.4830841
26115830600,42.037254,-83.6053303
26115830700,42.0395527,-83.7140281
26115830801,41.9664848,-83.6694188
26115830802,41.9781185,-83.7247121
26115830900,41.9762712,-83.506715
26115831000,41.9272259,-83.5168249
26115831100,41.9729037,-83.3986627
26115831201,41.999764,-83.359725
26115831202,41.9644885,-83.3006072
26115831300,41.9439665,-83.3441661
26115831400,41.9421223,-83.4268894
26115831500,41.9313358,-83.3989449
26115831600,41.9338246,-83.3830912
26115831700,41.9183196,-83.3568859
26115831800,41.8937515,-83.3639464
26115831900,41.913111,-83.391526
26115832000,41.9038978,-83.4001428
26115832100,41.9161276,-83.4078508
26115832200,41.9070586,-83.4155113
26115832300,41.9184734,-83.4353367
26115832400,41.8955237,-83.4498432
26115832500,41.8795879,-83.4017991
26115832600,41.8500726,-83.442564
26115832700,41.8633897,-83.4992902
26115832800,41.8670724,-83.5985389
26115832900,41.8703616,-83.711986
26115833000,41.7721326,-83.7102205
26115833100,41.7848505,-83.6174483
26115833200,41.8018173,-83.5629676
26115833300,41.7443166,-83.628954
26115833500,41.7549085,-83.5485693
26115833600,41.7789384,-83.5107869
26115833700,41.7745935,-83.4638917
26115833800,41.7645734,-83.5883382
26115833900,41.7460066,-83.5885729
26125120000,42.8368068,-83.1134014
26125120300,42.8402322,-83.1915375
26125121000,42.852849,-83.268547
26125121400,42.8482391,-83.3032511
26125121500,42.8214303,-83.2534643
26125121700,42.8209715,-83.3016155
26125121800,42.8064174,-83.2979263
26125122200,42.8614851,-83.3905565
26125122400,42.8172568,-83.3683653
26125122700,42.8148701,-83.4217466
26125122900,42.8484449,-83.4212502
26125123000,42.825978,-83.5441028
26125123100,42.8417221,-83.480889
26125124000,42.8336217,-83.628405
26125124500,42.7987992,-83.6229675
26125125000,42.7621227,-83.6255958
26125125600,42.7152953,-83.6325036
26125126200,42.7781423,-83.4709965
26125126300,42.760698,-83.4902546
26125126400,42.7468993,-83.501225
26125126500,42.728588,-83.5390291
26125127000,42.7728788,-83.3640355
26125127100,42.7685793,-83.4044378
26125127200,42.7361086,-83.4305428
26125127300,42.7143592,-83.4165159
26125127400,42.707316,-83.3899014
26125127500,42.73105,-83.4003698
26125127600,42.7399023,-83.3492945
26125127700,42.7172594,-83.3603298
26125128000,42.7908895,-83.23492
26125128100,42.7823511,-83.2694228
26125128200,42.7563708,-83.3027996
26125128300,42.7293036,-83.3101029
26125128400,42.7390023,-83.2648352
26125128500,42.7705325,-83.2376899
26125128600,42.7765184,-83.2986314
26125128700,42.7494452,-83.3212035
26125128800,42.7173423,-83.3017445
26125128900,42.7351386,-83.2338682
26125129000,42.78046,-83.253553
26125130000,42.6771995,-83.4770102
26125130100,42.678254,-83.5236163
26125130200,42.673662,-83.5474354
26125130300,42.6251123,-83.5351899
26125130400,42.6508696,-83.4594324
26125130500,42.6316614,-83.505083
26125130600,42.627905,-83.4755919
26125130700,42.6284073,-83.4553256
26125131100,42.6723082,-83.612054
26125131300,42.6272778,-83.6155503
26125131400,42.6864351,-83.5709464
26125131500,42.6796225,-83.5946799
26125131600,42.6807048,-83.6595385
26125131800,42.6585745,-83.6465572
26125132100,42.5587768,-83.5800378
26125132500,42.5872716,-83.5931238
26125132600,42.5713345,-83.6492908
26125132700,42.5882951,-83.6060988
26125133001,42.5393215,-83.5479434
26125133002,42.546092,-83.5221889
26125133003,42.5318824,-83.5266159
26125133101,42.5205025,-83.521694
26125133102,42.5019929,-83.5262602
26125134000,42.6068542,-83.4705269
26125134300,42.5752412,-83.4891924
26125134400,42.5801364,-83.4560067
26125134500,42.5622369,-83.4581604
26125134600,42.5485254,-83.4898314
26125134700,42.5454671,-83.475739
26125134800,42.5330918,-83.4470592
26125134900,42.532323,-83.481723
26125135000,42.5566454,-83.5437853
26125135100,42.5782131,-83.5377562
26125135200,42.5384507,-83.5073426
26125135300,42.6035894,-83.5287967
26125136000,42.5040484,-83.4519147
26125136101,42.5041565,-83.4889104
26125136102,42.5158001,-83.5057354
26125136300,42.4587039,-83.4747234
26125136500,42.4603424,-83.44473
26125136601,42.4721447,-83.4589108
26125136602,42.483522,-83.4807275
26125136700,42.4454705,-83.4526504
26125136800,42.5187428,-83.4523322
26125137101,42.4786271,-83.5054204
26125137102,42.4791114,-83.537855
26125137400,42.4447971,-83.5226503
26125137700,42.4484005,-83.4814273
26125137800,42.4407042,-83.4931818
26125138100,42.4468858,-83.6023487
26125138301,42.4997605,-83.665503
26125138302,42.4954176,-83.6278758
26125138600,42.4979167,-83.5875295
26125139201,42.4708825,-83.661554
26125139202,42.4512267,-83.6582592
26125139400,42.4652997,-83.6443953
26125140101,42.6735457,-83.2392469
26125140301,42.6832318,-83.2290392
26125140303,42.6924437,-83.2299365
26125140500,42.6948481,-83.2840556
26125140600,42.6311401,-83.2437757
26125140700,42.6382419,-83.223538
26125140800,42.62731,-83.2237133
26125140900,42.6536504,-83.3146565
26125141001,42.6812601,-83.2773718
26125141002,42.6782319,-83.2566469
26125141100,42.6808777,-83.3053639
26125141200,42.6703921,-83.3169679
26125141300,42.6695129,-83.3029966
26125141400,42.6662755,-83.2875805
26125141500,42.652556,-83.2604664
26125141600,42.6477788,-83.2849045
26125141700,42.6503388,-83.3010459
26125142000,42.6380749,-83.3172031
26125142100,42.6369317,-83.3034086
26125142200,42.6383556,-83.2804587
26125142300,42.6265206,-83.263742
26125142400,42.6282311,-83.2782754
26125142500,42.624647,-83.3053883
26125142600,42.6282783,-83.3193262
26125142700,42.6187335,-83.2859011
26125143500,42.6917102,-83.3255326
26125144100,42.6943744,-83.3889745
26125144200,42.6961734,-83.4305046
26125144301,42.6774945,-83.4246415
26125144400,42.6760072,-83.3950352
26125144500,42.6756148,-83.3389254
26125144600,42.6630592,-83.3742002
26125144701,42.6483901,-83.3558027
26125144800,42.646978,-83.3728813
26125144900,42.6528941,-83.3957621
26125145100,42.6398869,-83.3933666
26125145200,42.6208946,-83.370672
26125145300,42.6284223,-83.3686341
26125145400,42.6340835,-83.3442535
26125145501,42.6274871,-83.4341348
26125145502,42.6283973,-83.4103017
26125145600,42.6558897,-83.4193575
26125145700,42.6589827,-83.3501478
26125145900,42.6464801,-83.3367314
26125150000,42.6124342,-83.2285598
26125150100,42.6070036,-83.2924633
26125150200,42.5944207,-83.2891267
26125150300,42.5888735,-83.273087
26125150400,42.5982376,-83.2240463
26125150500,42.5740222,-83.21591
26125150600,42.5761287,-83.3006524
26125150700,42.548676,-83.3130398
26125150800,42.5476609,-83.293887
26125150900,42.5480953,-83.2699529
26125151000,42.546611,-83.25344
26125152000,42.581359,-83.2464183
26125152600,42.5513902,-83.2289202
26125152700,42.538418,-83.2355032
26125152900,42.5399449,-83.1983047
26125153000,42.5512266,-83.1935972
26125153100,42.5529872,-83.209251
26125153200,42.5420642,-83.2162618
26125153300,42.5350919,-83.2135262
26125154000,42.6167644,-83.3334648
26125154100,42.601805,-83.430959
26125154200,42.6082725,-83.3457522
26125154500,42.5893597,-83.3713089
26125154600,42.6091679,-83.3757814
26125156000,42.5877763,-83.3431895
26125156100,42.5989068,-83.4125706
26125156200,42.5782408,-83.4314235
26125156300,42.5776667,-83.33928
26125156400,42.5641373,-83.3413315
26125156500,42.5632323,-83.3856643
26125156900,42.5359525,-83.3505869
26125157000,42.5416022,-83.3315311
26125157100,42.5504371,-83.3512884
26125157200,42.554741,-83.4267337
26125157300,42.5337058,-83.42858
26125157400,42.534259,-83.4094272
26125157500,42.5465674,-83.4108556
26125157600,42.5498292,-83.3892918
26125157700,42.5348495,-83.3898235
26125157800,42.5353983,-83.3702037
26125157900,42.5494821,-83.3698499
26125158000,42.519849,-83.2577736
26125158100,42.5210275,-83.2319318
26125158200,42.5244586,-83.2138168
26125159000,42.5184297,-83.295269
26125160000,42.4920759,-83.2272835
26125160300,42.4890495,-83.299502
26125160400,42.4970022,-83.3110762
26125160500,42.5100034,-83.2131844
26125160600,42.5095056,-83.2325943
26125160700,42.5055654,-83.2519044
26125160800,42.4970346,-83.2726816
26125160900,42.5021625,-83.297188
26125161000,42.4770128,-83.3020307
26125161100,42.4800437,-83.273977
26125161200,42.4949018,-83.2504719
26125161300,42.4955267,-83.2099852
26125161400,42.4804255,-83.2107501
26125161500,42.4792284,-83.2327699
26125161600,42.4799776,-83.2509277
26125161700,42.4641686,-83.2986689
26125161800,42.4577486,-83.2694997
26125161900,42.4646248,-83.2454245
26125162000,42.4686856,-83.2198164
26125162100,42.4622462,-83.2097336
26125162200,42.4538002,-83.2075461
26125162300,42.4506881,-83.2252526
26125162400,42.4509058,-83.2496439
26125162500,42.4497334,-83.2977685
26125165000,42.4642468,-83.3646553
26125165100,42.4563715,-83.3748068
26125165200,42.4653628,-83.4005648
26125166000,42.5216365,-83.3425142
26125166100,42.5208083,-83.3695526
26125166200,42.5202384,-83.3891301
26125166400,42.5056756,-83.3847425
26125166500,42.5062182,-83.3687729
26125166600,42.5045914,-83.3487952
26125166700,42.5026878,-83.3293223
26125166800,42.4809004,-83.3286105
26125166900,42.482847,-83.3482854
26125167000,42.4841421,-83.3779427
26125167300,42.4473767,-83.3524255
26125167400,42.4513478,-83.3307759
26125167500,42.4639488,-83.3356359
26125167800,42.5197332,-83.4278057
26125167900,42.5197021,-83.4086544
26125168100,42.505073,-83.4078728
26125168400,42.4577031,-83.4253696
26125168500,42.4582099,-83.4009842
26125168601,42.44696,-83.4069185
26125168602,42.4466988,-83.3901312
26125168700,42.4935956,-83.4259556
26125168800,42.486975,-83.407543
26125168901,42.4725899,-83.4014839
26125168902,42.4723135,-83.411209
26125170000,42.5027899,-83.1787589
26125170100,42.5066451,-83.19581
26125170200,42.4994182,-83.1933289
26125170300,42.4922046,-83.1930616
26125170400,42.4925002,-83.17265
26125171000,42.4818753,-83.1914534
26125171100,42.4702248,-83.1640876
26125171200,42.4631597,-83.1631375
26125171300,42.4670712,-83.1773339
26125171400,42.4668124,-83.1918645
26125171500,42.4523356,-83.1911457
26125171600,42.4564815,-83.1757305
26125172400,42.477729,-83.1992962
26125172500,42.4498142,-83.162399
26125173000,42.4685327,-83.1218605
26125173100,42.4647318,-83.1329742
26125173200,42.4638708,-83.1454265
26125173300,42.4542855,-83.151574
26125173400,42.4528087,-83.1383288
26125173500,42.4540818,-83.1255271
26125173600,42.4545243,-83.115929
26125175000,42.4725002,-83.0992022
26125175100,42.4651785,-83.0977591
26125175200,42.4552571,-83.0910674
26125175300,42.4532168,-83.1031707
26125180000,42.5442645,-83.1565722
26125180100,42.5368199,-83.1563228
26125180200,42.5353488,-83.1379504
26125180300,42.5298278,-83.156028
26125181001,42.5251729,-83.1042059
26125181100,42.5187474,-83.1205161
26125181200,42.5124671,-83.1006914
26125181300,42.497901,-83.0953814
26125181400,42.4976894,-83.1111112
26125181500,42.4840563,-83.1092681
26125181600,42.4835271,-83.0949405
26125183000,42.5332887,-83.1745951
26125183100,42.525653,-83.134123
26125183200,42.5224703,-83.1596318
26125183300,42.5252858,-83.1851352
26125183400,42.5234349,-83.197763
26125183500,42.5138182,-83.1928879
26125183600,42.5110548,-83.1724254
26125183700,42.5120384,-83.1555611
26125183800,42.5118825,-83.135265
26125183900,42.5012869,-83.1310991
26125184000,42.5007647,-83.1572384
26125184100,42.4937575,-83.1531474
26125184200,42.4940389,-83.1346134
26125184300,42.4903482,-83.1199575
26125184400,42.4866743,-83.1339283
26125184500,42.4837045,-83.1492523
26125184600,42.4793604,-83.1341132
26125184700,42.4793787,-83.1178993
26125187000,42.471516,-83.1445
26125188001,42.4843334,-83.1634837
26125188100,42.4815875,-83.1780662
26125190200,42.7518271,-83.1141748
26125190400,42.7745639,-83.1712275
26125190500,42.7278319,-83.1470119
26125190700,42.7392769,-83.1935052
26125190800,42.7172994,-83.1834354
26125191000,42.6780188,-83.1410547
26125191100,42.6872404,-83.1413648
26125191200,42.684673,-83.1207483
26125191300,42.6918968,-83.1015781
26125192000,42.7020192,-83.1314322
26125192200,42.7024695,-83.1754527
26125192400,42.6875421,-83.1744217
26125192500,42.7019288,-83.2041966
26125192700,42.6872434,-83.2033665
26125193000,42.6745908,-83.1812853
26125193100,42.6734832,-83.1591342
26125193300,42.661654,-83.1421284
26125193400,42.6637805,-83.1229873
26125193500,42.6647425,-83.1071936
26125193600,42.6452335,-83.1024664
26125193700,42.6325723,-83.104117
26125194000,42.6445799,-83.1221188
26125194100,42.6423381,-83.1409187
26125194200,42.6551248,-83.1637914
26125194300,42.6531117,-83.1905441
26125194400,42.628032,-83.1899474
26125194500,42.6394859,-83.1910217
26125194600,42.6316133,-83.1552358
26125196000,42.6118567,-83.1031469
26125196100,42.6096635,-83.1141508
26125196200,42.6091869,-83.1388474
26125196300,42.6086071,-83.1585727
26125196400,42.6133963,-83.1875657
26125196500,42.5977157,-83.1855315
26125196600,42.5831928,-83.1977616
26125196700,42.5684569,-83.1970837
26125196800,42.5760521,-83.1778475
26125196900,42.5766706,-83.1581672
26125197000,42.577234,-83.1383734
26125197100,42.5851088,-83.1188947
26125197200,42.570475,-83.1183381
26125197300,42.556459,-83.0981596
26125197400,42.5480782,-83.1218856
26125197500,42.555801,-83.1386918
26125197600,42.5550941,-83.1570878
26125197701,42.5577833,-83.186601
26125197702,42.5468823,-83.1777659
26125197900,42.5854834,-83.0993917
26125198000,42.5709161,-83.0988086
26125198100,42.5418067,-83.0975162
26125981000,42.6386986,-83.5537189
26125981100,42.4771536,-83.1588506
26125981200,42.5304472,-83.0961291
26125981300,42.6688865,-83.2070276
26125981400,42.701757,-83.2609759
26125981500,42.6547942,-83.2313316
26125981600,42.6646831,-83.4215804
26147620000,42.9510308,-82.4466892
26147621000,42.9638885,-82.4365427
26147622000,42.9719993,-82.443125
26147623000,42.9794969,-82.4474216
26147624000,42.9721753,-82.4253007
26147625001,42.9808102,-82.424954
26147626001,42.993871,-82.4326317
26147627000,43.0017519,-82.4495181
26147628000,43.0073205,-82.426071
26147629000,43.0324802,-82.4393888
26147630100,43.0464353,-82.4852383
26147630400,43.0192834,-82.4875187
26147631100,43.0708248,-82.4909017
26147631600,43.0481345,-82.450566
26147632000,43.1219214,-82.5048106
26147633100,43.021453,-82.5484332
26147633200,43.0400773,-82.5860985
26147634100,42.9454241,-82.5922024
26147634600,42.9506585,-82.5250132
26147635000,42.9965741,-82.4860712
26147636000,42.9581033,-82.4719081
26147637100,42.9267909,-82.4830606
26147637200,42.9111722,-82.4822997
26147637300,42.8943287,-82.4782177
26147640100,42.8564823,-82.4825828
26147640200,42.8484075,-82.5434416
26147640600,42.8747275,-82.588053
26147641000,42.7722791,-82.5619961
26147642000,42.8265297,-82.4924331
26147643000,42.76377,-82.4881221
26147644000,42.7142971,-82.5027902
26147645000,42.693034,-82.5605429
26147646000,42.6493366,-82.5685014
26147647000,42.6307074,-82.6475428
26147648000,42.5866265,-82.651606
26147649000,42.6207139,-82.5321114
26147650100,42.7043848,-82.6588518
26147650200,42.6879982,-82.6771846
26147651100,42.7572099,-82.6594102
26147651200,42.7839004,-82.7040946
26147651600,42.8593322,-82.6831107
26147652100,43.0320446,-82.6939557
26147652600,42.9442888,-82.6940405
26147655100,43.118517,-82.8811776
26147655600,43.1167703,-82.6497383
26147657100,43.0038891,-82.9222799
26147657200,42.9814716,-82.9236524
26147658100,43.0233961,-82.8024042
26147658500,42.9372573,-82.8095358
26147989000,42.9869184,-82.4383765
26161400100,42.2801315,-83.7465573
26161400300,42.2731987,-83.7300114
26161400400,42.2648225,-83.7310921
26161400500,42.2708449,-83.7420285
26161400600,42.2714864,-83.752523
26161400700,42.2855642,-83.7504363
26161400800,42.2844399,-83.7391763
26161402100,42.293624,-83.7376742
26161402201,42.2943602,-83.7249171
26161402300,42.2824936,-83.688832
26161402500,42.2958418,-83.6883537
26161402601,42.2965375,-83.7005269
26161402700,42.3126731,-83.6968175
26161403100,42.3078313,-83.7675782
26161403200,42.2940026,-83.7610399
26161403300,42.284329,-83.7893781
26161403400,42.2871059,-83.7708688
26161403500,42.2793566,-83.7714778
26161403600,42.3120965,-83.7147316
26161403800,42.3117286,-83.7307865
26161404100,42.2707771,-83.7653925
26161404200,42.2637476,-83.7818013
26161404300,42.2610658,-83.7660925
26161404400,42.2545335,-83.7646267
26161404500,42.2488693,-83.7474865
26161404600,42.248075,-83.7309459
26161405100,42.2391841,-83.7083044
26161405200,42.253098,-83.7129045
26161405300,42.2652943,-83.699529
26161405400,42.2506926,-83.6923268
26161405500,42.2372298,-83.691787
26161405600,42.233353,-83.7210303
26161406000,42.3276344,-83.6964436
26161407000,42.306871,-83.6100857
26161407400,42.2687853,-83.5659158
26161407600,42.2700183,-83.5938966
26161410100,42.2554573,-83.6590228
26161410200,42.2555167,-83.6452961
26161410300,42.2423621,-83.6280856
26161410400,42.2401998,-83.6510738
26161410500,42.2308354,-83.6436788
26161410600,42.2318159,-83.6219637
26161410700,42.2368796,-83.6152226
26161410800,42.2382219,-83.6028906
26161410900,42.24889,-83.6056836
26161411000,42.2494216,-83.6176232
26161411200,42.2569473,-83.620159
26161411700,42.227353,-83.5892561
26161411900,42.2497589,-83.5761813
26161412000,42.2403493,-83.5781477
26161412100,42.2577651,-83.5758288
26161412300,42.2317493,-83.5682528
26161412600,42.2177788,-83.5690668
26161412700,42.2136206,-83.592198
26161413000,42.2184744,-83.5632805
26161413200,42.1919976,-83.5572761
26161413401,42.1970184,-83.6016111
26161413402,42.1808084,-83.6009219
26161413403,42.1940339,-83.6399843
26161414000,42.2558554,-83.672659
26161414200,42.2489064,-83.6732012
26161414300,42.2399225,-83.676821
26161414500,42.2321253,-83.6706257
26161414700,42.2354635,-83.7536248
26161414900,42.2396505,-83.7714883
26161415200,42.2183889,-83.6749883
26161415400,42.2084055,-83.7155961
26161415600,42.1984755,-83.7475299
26161415800,42.2116099,-83.770778
26161416000,42.20813,-83.6726855
26161416200,42.1819895,-83.703847
26161420000,42.165238,-83.5941182
26161420200,42.1178929,-83.5918948
26161421100,42.0905586,-83.6834968
26161422201,42.1563875,-83.7324261
26161422202,42.1204707,-83.7096471
26161423400,42.1778793,-83.7767058
26161423600,42.1596421,-83.7800769
26161425000,42.2165771,-83.8094094
26161426001,42.1178813,-83.8414858
26161426002,42.2069626,-83.8509324
26161431000,42.1228996,-84.0729277
26161432000,42.1730985,-83.9954377
26161444000,42.3825491,-83.9406158
26161445000,42.3872604,-84.0768063
26161446200,42.3118273,-84.0259626
26161446400,42.3091361,-84.0116247
26161447000,42.2944043,-84.0795129
26161448000,42.2925947,-83.9455458
26161453000,42.3219402,-83.8157948
26161454001,42.3123584,-83.8637062
26161454002,42.3287728,-83.8801854
26161455000,42.2744673,-83.8650554
26161456000,42.2720976,-83.8123487
26161461000,42.3766795,-83.8582595
26161464000,42.3899612,-83.6066461
26161465001,42.4042118,-83.776485
26161465002,42.4174098,-83.7436763
26161466000,42.3796817,-83.7135992
26161980101,42.2764543,-83.7375396
26161980102,42.281937,-83.729153
26161980200,42.2216524,-83.7471608
26161980300,42.1746083,-83.6908793
26161980400,42.2915176,-83.7115159
26161980500,42.2504904,-83.6246461
26161980600,42.0937129,-83.6691637
26161984000,42.2348864,-83.5556652
26163500100,42.4442666,-82.9509616
26163500200,42.446107,-82.9633179
26163500300,42.4388723,-82.9656436
26163500400,42.4261558,-82.9793388
26163500500,42.4241342,-82.9679434
26163500600,42.431479,-82.9653175
26163500700,42.4296143,-82.9473354
26163500800,42.4246567,-82.9351961
26163500900,42.4223547,-82.9475915
26163501000,42.4187277,-82.9515643
26163501100,42.4128318,-82.9601613
26163501200,42.4114378,-82.9513106
26163501300,42.4033691,-82.9505464
26163501400,42.4091565,-82.9385211
26163501500,42.4183458,-82.9264929
26163501600,42.4129438,-82.9207135
26163501700,42.4042423,-82.9212936
26163501800,42.3983391,-82.9316723
26163501900,42.3952603,-82.9401
26163502000,42.3932939,-82.9469658
26163502600,42.3970225,-82.9707685
26163502700,42.3897423,-82.9606007
26163503100,42.446139,-82.9778892
26163503200,42.4454982,-82.9953169
26163503300,42.4383158,-82.9950446
26163503400,42.4389974,-82.9801546
26163503500,42.4312541,-82.992264
26163503600,42.4249818,-82.9967805
26163503900,42.4134536,-82.9873463
26163504000,42.4169793,-82.9776759
26163504100,42.4153882,-82.9679696
26163504200,42.4081536,-82.9717594
26163504300,42.4055763,-82.9803156
26163504400,42.403086,-82.9892904
26163505100,42.4403142,-83.0180824
26163505200,42.413801,-83.0035037
26163505400,42.4186463,-82.9937654
26163505600,42.4297157,-83.0119004
26163505700,42.4023635,-83.0106139
26163505800,42.4001418,-83.0316007
26163506100,42.4445674,-83.0320133
26163506200,42.4374798,-83.031691
26163506300,42.4265855,-83.031318
26163506400,42.4225998,-83.0523162
26163506500,42.429876,-83.0459797
26163506600,42.4370474,-83.04852
26163506700,42.4441868,-83.046581
26163506800,42.4438513,-83.0676404
26163506900,42.4368143,-83.0671656
26163507000,42.4296948,-83.0621938
26163507100,42.4277494,-83.0763573
26163507200,42.4209194,-83.073764
26163507300,42.4262623,-83.0877401
26163507400,42.4362144,-83.0856365
26163507500,42.4432547,-83.0881318
26163508000,42.4392774,-83.1131943
26163508100,42.440894,-83.1014824
26163509000,42.4252927,-83.1013959
26163509100,42.4123876,-83.0723817
26163510600,42.4074065,-83.0465471
26163511200,42.3762752,-83.0658891
26163511300,42.4154477,-83.0497684
26163511400,42.3900741,-83.0776625
26163511900,42.3735241,-83.0718813
26163512800,42.3786648,-82.9531421
26163513200,42.3679737,-82.9383495
26163513300,42.3582553,-82.9411858
26163513700,42.35798,-82.9612866
26163513800,42.3648857,-82.9856347
26163513900,42.3722151,-82.9837943
26163514100,42.3798303,-82.9893988
26163514200,42.3817139,-83.0084252
26163514300,42.3888617,-82.9934056
26163514500,42.375316,-82.9999028
26163515200,42.3616626,-83.0056672
26163515300,42.3532901,-83.000551
26163515400,42.3609676,-82.9963793
26163515700,42.3530598,-82.9871415
26163516000,42.3714831,-83.009325
26163516400,42.3508558,-83.0096137
26163516500,42.3373711,-83.0153019
26163516600,42.3413645,-83.0201886
26163516700,42.3484065,-83.0209748
26163516800,42.3560005,-83.0254934
26163516900,42.3446894,-83.0301945
26163517000,42.3408565,-83.0360646
26163517100,42.3358286,-83.0330441
26163517200,42.3338393,-83.0390113
26163517300,42.3456895,-83.0505419
26163517500,42.3541327,-83.0560746
26163518000,42.3624987,-83.0613713
26163518900,42.3526051,-83.0435163
26163519000,42.3614292,-83.0345625
26163519100,42.3713834,-83.0400057
26163519200,42.3792326,-83.0215533
26163519300,42.3627136,-83.0169969
26163520200,42.3572483,-83.0697826
26163520300,42.349788,-83.0627334
26163520400,42.3481507,-83.0675934
26163520700,42.3347157,-83.0554514
26163520800,42.3254678,-83.0537969
26163521100,42.3204735,-83.0806902
26163521400,42.3305957,-83.0730278
26163521500,42.3368524,-83.0763994
26163521800,42.3461442,-83.0712517
26163521900,42.3504708,-83.0804327
26163522000,42.3435761,-83.0875927
26163522300,42.3565859,-83.096445
26163522400,42.3609674,-83.0833585
26163522500,42.3411352,-83.0606802
26163522800,42.3390849,-83.0974346
26163523100,42.3259469,-83.1024641
26163523200,42.3144562,-83.1042425
26163523300,42.317333,-83.0976
26163523400,42.319764,-83.0911775
26163523800,42.308321,-83.113873
26163524001,42.3134546,-83.1208841
26163524101,42.311365,-83.137332
26163524200,42.3070018,-83.1291089
26163524300,42.3001177,-83.1320379
26163524500,42.2873034,-83.1516022
26163524600,42.2958617,-83.1129672
26163524700,42.273726,-83.152749
26163524800,42.2630721,-83.1617526
26163525400,42.3391838,-83.1140246
26163525700,42.3271713,-83.1264272
26163525800,42.3332194,-83.1284291
26163525900,42.3313677,-83.1104128
26163526000,42.3259507,-83.1430005
26163526100,42.3335112,-83.1520926
26163526200,42.3373011,-83.1453348
26163526300,42.3390796,-83.1384768
26163526400,42.3405358,-83.1309829
26163526500,42.3481772,-83.1404328
26163527900,42.3492031,-83.1151167
26163530100,42.4095988,-83.1216518
26163530200,42.4110609,-83.1341923
26163530300,42.4007295,-83.1307451
26163530400,42.3909517,-83.1361282
26163530500,42.3844331,-83.134013
26163530800,42.3717409,-83.1339181
26163530900,42.375305,-83.1262756
26163531100,42.3748819,-83.1152689
26163531200,42.3788297,-83.1020097
26163531300,42.3833022,-83.1097921
26163531400,42.3803842,-83.1189728
26163531501,42.385655,-83.1242343
26163531502,42.3889727,-83.122688
26163531600,42.394153,-83.1282997
26163531700,42.3980116,-83.1171527
26163531800,42.3903871,-83.1146956
26163531900,42.3902305,-83.1062981
26163532100,42.3862563,-83.0915745
26163532400,42.3784502,-83.0840723
26163532600,42.3689496,-83.0885606
26163532700,42.3752477,-83.0927712
26163533000,42.3655268,-83.0976621
26163533100,42.3718956,-83.1019312
26163533200,42.3687113,-83.1111289
26163533300,42.3621943,-83.1067231
26163533400,42.3634864,-83.1190407
26163533600,42.3564277,-83.1215622
26163533800,42.359052,-83.1326543
26163533900,42.3685174,-83.0774348
26163534100,42.37506,-83.1423228
26163534200,42.3800972,-83.1559884
26163534300,42.3749304,-83.1627768
26163534400,42.3693259,-83.1588593
26163534700,42.3591263,-83.1538569
26163534800,42.3613623,-83.1446062
26163535000,42.3603974,-83.1762244
26163535100,42.369473,-83.1753524
26163535200,42.3784794,-83.175402
26163535300,42.3729075,-83.1899647
26163535600,42.355099,-83.1675688
26163535700,42.3624296,-83.1629486
26163535800,42.3582992,-83.1895969
26163536100,42.4134412,-83.1504213
26163536200,42.4127063,-83.1641142
26163536300,42.4061973,-83.1501123
26163536400,42.3989571,-83.14981
26163536500,42.3882723,-83.1442257
26163536600,42.3902228,-83.1586686
26163536700,42.3987581,-83.1643604
26163536800,42.4064903,-83.165885
26163536900,42.4129308,-83.1776478
26163537000,42.4057432,-83.1771291
26163537100,42.3979605,-83.176487
26163537200,42.3883037,-83.1758674
26163537300,42.3850094,-83.1918826
26163537500,42.4053507,-83.1917756
26163537600,42.412636,-83.1920648
26163537700,42.398097,-83.1914647
26163537800,42.3918934,-83.1876893
26163538100,42.4413341,-83.1269354
26163538200,42.4349431,-83.1297305
26163538300,42.426959,-83.1237435
26163538400,42.4244428,-83.1362307
26163538500,42.4206842,-83.1507627
26163538600,42.4278669,-83.1510894
26163538700,42.4240331,-83.1655643
26163538800,42.4350112,-83.1659257
26163538900,42.4350607,-83.1513465
26163539000,42.4423439,-83.1516011
26163539100,42.4421933,-83.1662919
26163539200,42.4418812,-83.1852055
26163539300,42.4348464,-83.1809085
26163539400,42.4258131,-83.1759425
26163539500,42.4198197,-83.1874311
26163539600,42.4267783,-83.1912708
26163539700,42.4346911,-83.1956884
26163540100,42.4409191,-83.2101788
26163540200,42.4338341,-83.2097037
26163540300,42.4266089,-83.2094015
26163540400,42.4193657,-83.2091493
26163540500,42.4237296,-83.2251159
26163540600,42.4224753,-83.233995
26163540700,42.4334136,-83.2291836
26163540800,42.4405769,-83.2294652
26163540900,42.4401121,-83.2489699
26163541000,42.4329511,-83.2487283
26163541100,42.4222559,-83.2439581
26163541200,42.422012,-83.2537031
26163541300,42.4215787,-83.2821395
26163541400,42.4247924,-83.2690447
26163541500,42.4362189,-83.2633513
26163541700,42.4361333,-83.2731759
26163541800,42.4356241,-83.282863
26163542100,42.4121495,-83.2089231
26163542200,42.4049237,-83.2086673
26163542300,42.3984078,-83.205418
26163542400,42.3908903,-83.2036174
26163542500,42.3928406,-83.2133211
26163542600,42.3829687,-83.2077387
26163542900,42.3988511,-83.2261444
26163543000,42.4068185,-83.225712
26163543100,42.4126607,-83.2283404
26163543200,42.4112995,-83.2475927
26163543300,42.3853967,-83.2258694
26163543400,42.4015679,-83.2374736
26163543500,42.4040427,-83.2498756
26163543700,42.3893861,-83.2386522
26163543900,42.3818819,-83.2494226
26163544000,42.3823955,-83.2671874
26163544100,42.3929346,-83.2685039
26163544200,42.4073688,-83.26197
26163544300,42.4086903,-83.2749743
26163544800,42.3936977,-83.252266
26163545100,42.3757243,-83.2071726
26163545200,42.3688219,-83.2070128
26163545500,42.3471357,-83.206309
26163545600,42.3398996,-83.2061429
26163545700,42.3328249,-83.2242509
26163545800,42.3396079,-83.2269422
26163545900,42.3468702,-83.2258371
26163546000,42.3540965,-83.226144
26163546100,42.3508568,-83.2405854
26163546201,42.3474211,-83.2602262
26163546301,42.3690251,-83.2638106
26163546600,42.3610566,-83.2415451
26163546700,42.3613063,-83.226246
26163547000,42.3718007,-83.2412514
26163547100,42.3717249,-83.2265775
26163547200,42.357954,-83.2067513
26163550100,42.3681684,-82.9238084
26163550200,42.3828173,-82.9371196
26163550300,42.3862364,-82.9242029
26163550400,42.3840618,-82.9123138
26163550500,42.389501,-82.9071822
26163550600,42.3947515,-82.8905015
26163550700,42.4061484,-82.9045986
26163550800,42.4169429,-82.8975897
26163550900,42.4342045,-82.8771963
26163551100,42.4316457,-82.8970265
26163551200,42.4317539,-82.9126087
26163551300,42.4354097,-82.9181854
26163551400,42.4454137,-82.9295237
26163551500,42.4369283,-82.9327258
26163551600,42.4340414,-82.9400762
26163551700,42.4455794,-82.8873893
26163551800,42.4468532,-82.9023913
26163552000,42.4043824,-83.0584877
26163552100,42.4009396,-83.0679413
26163552200,42.3946755,-83.0632685
26163552300,42.3980776,-83.0542167
26163552400,42.3990005,-83.0463943
26163552801,42.3897212,-83.0541857
26163553000,42.4117403,-83.0933571
26163553100,42.4132901,-83.1084779
26163553200,42.4114731,-83.1151475
26163553601,42.3998946,-83.0876173
26163553800,42.3965425,-83.0966082
26163554100,42.4375474,-83.2984544
26163554200,42.4321158,-83.3071022
26163554300,42.4208059,-83.306328
26163554400,42.4212882,-83.2918852
26163554500,42.4057462,-83.2877287
26163554600,42.4063569,-83.3057437
26163554700,42.3921485,-83.3043035
26163554800,42.3925358,-83.2855286
26163554900,42.3814857,-83.2947792
26163555100,42.3703298,-83.3042134
26163555300,42.3710291,-83.2851209
26163555401,42.3651322,-83.2705281
26163555500,42.3602197,-83.2847527
26163555600,42.3594547,-83.3037927
26163556100,42.4345918,-83.3264063
26163556200,42.4340683,-83.3459836
26163556300,42.4336007,-83.3654401
26163556400,42.4338543,-83.3990684
26163556500,42.4235314,-83.4237379
26163556600,42.4182116,-83.403926
26163556700,42.4198087,-83.3831813
26163556800,42.4191245,-83.3648221
26163556900,42.4195952,-83.3452753
26163557000,42.4243877,-83.3257127
26163557100,42.4056212,-83.3250478
26163557200,42.4051332,-83.3446237
26163557300,42.4046813,-83.3641519
26163557400,42.4043896,-83.3833038
26163557500,42.4037032,-83.4028626
26163557600,42.4033658,-83.4226374
26163557700,42.389439,-83.4213874
26163557901,42.3896547,-83.3879329
26163558000,42.390163,-83.3635099
26163558100,42.3905912,-83.3439059
26163558200,42.3930483,-83.3294978
26163558301,42.3763472,-83.3633939
26163558400,42.3621073,-83.4233168
26163558500,42.3590827,-83.3961913
26163558600,42.3610288,-83.3767565
26163558700,42.3648211,-83.3622183
26163558800,42.3576134,-83.3617234
26163558900,42.3652248,-83.3426471
26163559000,42.3580136,-83.3421814
26163559100,42.3658176,-83.323082
26163559200,42.3585733,-83.3227459
26163559800,42.4011375,-83.1039808
26163560100,42.4303346,-83.4872315
26163560201,42.4337328,-83.4668345
26163560202,42.4321695,-83.4435371
26163560300,42.4234539,-83.4704646
26163560400,42.4020853,-83.4505978
26163561200,42.4144833,-83.533089
26163561301,42.4205727,-83.4982897
26163561302,42.4025241,-83.490446
26163561600,42.3859933,-83.4468767
26163561700,42.3905785,-83.5166474
26163561900,42.3640905,-83.5243595
26163562300,42.375478,-83.4982039
26163562400,42.359806,-83.4930025
26163562500,42.3746761,-83.4575209
26163562600,42.3759865,-83.4740391
26163562700,42.3643642,-83.4703328
26163562800,42.3651425,-83.4446301
26163562900,42.3554706,-83.4546425
26163563200,42.3464456,-83.4349691
26163563300,42.3463812,-83.4561688
26163563400,42.3440111,-83.4790429
26163563500,42.3360477,-83.4982672
26163563600,42.329366,-83.4834182
26163563700,42.3258887,-83.4683694
26163563800,42.3331012,-83.4691377
26163563900,42.3294805,-83.4518768
26163564000,42.3248823,-83.436136
26163564100,42.3156178,-83.4507552
26163564200,42.3186693,-83.4733574
26163564300,42.3114527,-83.4725101
26163564401,42.3361363,-83.5249929
26163564402,42.3138056,-83.5167746
26163564501,42.2992768,-83.5249573
26163564502,42.2962895,-83.4962104
26163564503,42.275018,-83.4957181
26163564504,42.2793753,-83.5248735
26163564600,42.3004631,-83.4721801
26163564700,42.3012066,-83.4503692
26163564800,42.2845378,-83.465936
26163564900,42.2720372,-83.455699
26163565001,42.2919005,-83.4348117
26163565100,42.3210025,-83.4185407
26163565200,42.3428802,-83.4241663
26163565301,42.344609,-83.3914025
26163565302,42.3468985,-83.4043731
26163565600,42.3050505,-83.4182778
26163565700,42.2942763,-83.4173886
26163565800,42.3029594,-83.3567839
26163565900,42.3038382,-83.3688345
26163566400,42.2851232,-83.3656947
26163566500,42.2829748,-83.3884912
26163566600,42.2835177,-83.4129407
26163566700,42.2698491,-83.4128156
26163566800,42.2737472,-83.3702908
26163566900,42.2752688,-83.3554407
26163567000,42.2730855,-83.3326751
26163567100,42.347623,-83.3222341
26163567201,42.3507496,-83.3417737
26163567202,42.341796,-83.3423567
26163567300,42.347193,-83.3599795
26163567400,42.3452764,-83.3769069
26163567800,42.3315898,-83.3759669
26163567900,42.3168389,-83.3822658
26163568000,42.3170089,-83.3986505
26163568200,42.3025156,-83.3981172
26163568300,42.2917921,-83.3927428
26163568400,42.3024395,-83.3806602
26163568500,42.2923991,-83.3636124
26163568700,42.2982018,-83.3455155
26163568800,42.3352261,-83.3927929
26163568900,42.3292885,-83.3996366
26163569100,42.3367163,-83.3216202
26163569200,42.3295204,-83.321449
26163569300,42.3316259,-83.3398461
26163569400,42.3322478,-83.3579199
26163569500,42.3213185,-83.3640835
26163569600,42.3141309,-83.3620249
26163569700,42.318213,-83.3403388
26163569800,42.3213819,-83.3210237
26163569900,42.314166,-83.3208004
26163570100,42.3026741,-83.2957389
26163570200,42.3036706,-83.3098851
26163570400,42.3003833,-83.3203381
26163570500,42.2988864,-83.3347185
26163570600,42.2809379,-83.3337784
26163570800,42.2823352,-83.3189716
26163570900,42.2836847,-83.304647
26163571000,42.2845916,-83.2949007
26163571500,42.3318583,-83.2465698
26163571600,42.3351459,-83.2659352
26163571700,42.3492051,-83.2692857
26163571800,42.352236,-83.2831267
26163571900,42.3482826,-83.3028468
26163572000,42.3447235,-83.284022
26163572100,42.3340109,-83.2825955
26163572200,42.3336052,-83.3021224
26163572400,42.2966867,-83.2881141
26163572500,42.2715015,-83.3018809
26163572600,42.2752024,-83.2800521
26163572700,42.2756352,-83.2606068
26163572800,42.2760445,-83.2411841
26163572900,42.2758916,-83.2263213
26163573000,42.3227959,-83.2991487
26163573100,42.3155367,-83.2987707
26163573300,42.3318886,-83.1844161
26163573400,42.3235671,-83.1907195
26163573501,42.3111652,-83.1519628
26163573600,42.3423607,-83.158773
26163573701,42.3485705,-83.1713288
26163573702,42.338738,-83.1717259
26163573800,42.345481,-83.1849702
26163573900,42.3386096,-83.189124
26163574000,42.3256057,-83.1772078
26163574100,42.3182406,-83.1777373
26163574203,42.3077302,-83.2018789
26163574301,42.3223366,-83.199604
26163574600,42.3195939,-83.2654184
26163574700,42.3196209,-83.2794175
26163574800,42.3073336,-83.2747854
26163574900,42.3054338,-83.2576635
26163575000,42.2987557,-83.250134
26163575100,42.2942944,-83.2628692
26163575200,42.2889308,-83.2779706
26163575300,42.2864656,-83.2610823
26163575401,42.2870145,-83.2415444
26163575500,42.285043,-83.2231464
26163575600,42.2920593,-83.213506
26163576001,42.2731409,-83.2146925
26163576100,42.2659748,-83.2032602
26163576200,42.2622096,-83.2246738
26163576300,42.2511428,-83.2258438
26163576400,42.2502527,-83.2164356
26163576500,42.2504803,-83.2058936
26163576600,42.2340803,-83.2086055
26163576700,42.2349913,-83.2233008
26163577000,42.2522226,-83.1670939
26163577100,42.2575758,-83.1759449
26163577200,42.2615371,-83.1850011
26163577300,42.2481549,-83.1957634
26163577400,42.244786,-83.1867713
26163577500,42.2428444,-83.1748836
26163577600,42.2389653,-83.1656375
26163577700,42.2323952,-83.1747378
26163577800,42.2341045,-83.1909896
26163577900,42.2248042,-83.1907984
26163578000,42.2259754,-83.1726377
26163578500,42.2868253,-83.1758111
26163578600,42.2757479,-83.1777415
26163579100,42.2759109,-83.1316707
26163579200,42.2671682,-83.1345473
26163579300,42.2696193,-83.1436539
26163579501,42.2571615,-83.1406696
26163579600,42.2566755,-83.1515705
26163579700,42.2425758,-83.154562
26163579800,42.2449992,-83.1448716
26163579900,42.3201738,-83.2373533
26163580100,42.2204483,-83.1340611
26163580200,42.2286674,-83.1592921
26163580300,42.2189459,-83.1622112
26163580400,42.2180274,-83.1741195
26163580500,42.2066396,-83.1756887
26163580600,42.2074419,-83.1658005
26163580700,42.2058658,-83.1492673
26163580800,42.19308,-83.1568415
26163580900,42.1927744,-83.1724517
26163581101,42.2079562,-83.2160579
26163581200,42.1916243,-83.218721
26163581500,42.2173952,-83.1873784
26163581600,42.2199188,-83.2138155
26163581800,42.204253,-83.1985341
26163581900,42.2065714,-83.1869116
26163582000,42.1923498,-83.1863315
26163582100,42.191747,-83.2008596
26163583001,42.2674067,-83.2581156
26163583101,42.2650427,-83.2916969
26163583200,42.2556298,-83.2858046
26163583300,42.2527976,-83.2591593
26163583400,42.2553479,-83.240133
26163583500,42.2454484,-83.240314
26163583600,42.2449011,-83.2597994
26163583700,42.2456856,-83.2868647
26163583800,42.2330335,-83.2884982
26163583900,42.2339128,-83.261847
26163584000,42.2365988,-83.2437627
26163584100,42.218336,-83.239994
26163584200,42.2194043,-83.2614451
26163584300,42.2163391,-83.2832664
26163584400,42.2020118,-83.291338
26163584501,42.20585,-83.2479417
26163584600,42.1933688,-83.2447741
26163584700,42.1901834,-83.2771622
26163584801,42.1925074,-83.3009734
26163584802,42.1878908,-83.2948068
26163585500,42.2547601,-83.3302937
26163585600,42.2597018,-83.3686907
26163585700,42.2422489,-83.3743229
26163585800,42.2446625,-83.4056615
26163585900,42.224785,-83.4002109
26163586201,42.2079201,-83.3223899
26163586300,42.1960241,-83.412671
26163587000,42.203556,-83.4838128
26163587900,42.244871,-83.4506784
26163588001,42.2272416,-83.4699417
26163588002,42.2276748,-83.4495526
26163588101,42.258654,-83.526475
26163588102,42.2338266,-83.4948906
26163588200,42.2145466,-83.5129886
26163588300,42.1920679,-83.5118653
26163588400,42.1979207,-83.4517363
26163589300,42.136205,-83.455383
26163589401,42.1599856,-83.5089191
26163589402,42.1186621,-83.5142196
26163590401,42.1174414,-83.3897507
26163590500,42.1606986,-83.3515782
26163590600,42.1297259,-83.3370596
26163591501,42.1778498,-83.2524866
26163591502,42.1641726,-83.2369276
26163591600,42.1687441,-83.2852311
26163591700,42.135756,-83.2873198
26163591800,42.1329826,-83.2646312
26163591900,42.0973728,-83.2321517
26163592000,42.0600376,-83.1989508
26163593001,42.1208637,-83.2223672
26163593200,42.1461813,-83.24923
26163593301,42.1259637,-83.2533704
26163594000,42.1595591,-83.176475
26163594100,42.1484717,-83.1972751
26163594200,42.1482018,-83.2117868
26163594300,42.1371981,-83.2055924
26163594401,42.1258463,-83.1909568
26163594500,42.1258547,-83.2090108
26163595000,42.1786745,-83.172902
26163595100,42.1795101,-83.2050803
26163595201,42.1628221,-83.1958079
26163596100,42.1014482,-83.1602786
26163596200,42.1464727,-83.143674
26163596300,42.167328,-83.1530725
26163597000,42.1054371,-83.2010178
26163598000,42.0703442,-83.2417456
26163599001,42.1056379,-83.2816655
26163599100,42.0865019,-83.2674239
26163981700,42.4030773,-83.079411
26163981800,42.3759766,-83.2692462
26163981901,42.2929227,-83.1956896
26163981902,42.2821424,-83.2047077
26163982000,42.1041578,-83.2498762
26163982101,42.147909,-83.2367744
26163982102,42.1341761,-83.2283971
26163982200,42.1626708,-83.211799
26163982301,42.1190085,-83.1857213
26163982302,42.1320182,-83.1796336
26163982400,42.2017312,-83.2532116
26163982500,42.2629988,-83.2466257
26163982600,42.2557444,-83.3030061
26163982700,42.2027383,-83.2114735
26163982900,42.1313573,-83.2439273
26163983100,42.2536019,-83.5087386
26163983200,42.2602902,-83.4335346
26163983301,42.3777611,-83.4229527
26163983302,42.3714301,-83.3955917
26163983400,42.3915374,-83.407413
26163983600,42.3189562,-83.1464076
26163983700,42.3097676,-83.1812715
26163983800,42.2999667,-83.2198983
26163983901,42.3129304,-83.2023859
26163983902,42.3206475,-83.2082016
26163983903,42.3326544,-83.205533
26163984100,42.2978126,-83.0970495
26163984200,42.3200109,-83.1203443
26163985000,42.3447553,-83.1270716
26163985100,42.380973,-83.0524956
26163985200,42.3785775,-82.9715216
26163985300,42.3203926,-83.0701382
26163985400,42.2135091,-83.3561154
26163985500,42.3413127,-82.9796058
26163985600,42.2731528,-83.114466
26163985700,42.3029123,-83.1632289
26163985800,42.3661393,-83.2508895
26163985900,42.3662552,-83.0526454
26163986100,42.1072973,-83.335048
26163986200,42.125967,-83.3625777
26163986300,42.1865362,-83.3683463
26163986400,42.1645688,-83.4116451
26163986501,42.2247892,-83.5198543
26163986502,42.2376157,-83.5255185
26163986600,42.389339,-83.0473072
26163987000,42.2486685,-83.1326462
