u,v,weight,g_ij,pred,resid
26099982300,26163517200,200.0,2.646643194353655,0.202013120616375,2.44463007373728
26161405300,26161980102,200.0,-2.1675873403276573,-0.5820015610411033,-1.585585779286554
26161400600,26161402201,200.0,-2.1337669724619768,-0.5856525184082821,-1.5481144540536946
26161400600,26161980102,200.0,-2.0387426826934183,-0.595855895253959,-1.4428867874394593
26161405600,26161980102,179.0,-1.848020865571612,-0.24642017484157142,-1.6016006907300406
26161402201,26161405200,200.0,2.0766593399759605,0.7086947102986914,1.3679646296772692
26161402201,26161403300,200.0,1.944853949518186,0.6001197002249655,1.3447342492932206
26161402201,26161407000,200.0,1.5792461602817,0.30001419296709175,1.2792319673146082
26099263200,26163510600,109.0,3.5665278632799953,1.221590216857024,2.344937646422971
26161405200,26161980102,200.0,-1.9785455304152835,-0.7188980871443682,-1.2596474432709153
26161406000,26161422202,151.0,1.7964994276635204,0.17516643636989299,1.6213329912936274
26161402100,26161402201,200.0,-2.3073044395598123,-1.122006098548245,-1.1852983410115674
26125128900,26125981400,127.0,-1.8810408198889237,-0.045756134387545555,-1.835284685501378
26161402201,26161405400,154.0,1.8893628009943426,0.3849507035906399,1.5044120974037027
26161402201,26161455000,200.0,1.5049226853100501,0.37384502684505727,1.1310776584649929
26161402201,26161403200,200.0,1.631847607428397,0.5103529511729001,1.1214946562554968
26161406000,26161980102,148.0,-1.7762390561722279,-0.2762342495881732,-1.5000048065840548
26125132100,26125133102,113.0,-1.6745997068946077,0.22795174305610483,-1.9025514499507126
26161403300,26161980102,175.0,-1.8077591477656987,-0.6103230770706424,-1.1974360706950562
26161402201,26161404400,193.0,2.1315417194196846,1.0515309824920205,1.0800107369276641
26099263200,26163509100,78.0,3.375739971548833,0.8333175861378619,2.5424223854109713
26161402500,26161980102,108.0,-1.9941992305979401,-0.2011340098546459,-1.7930652207432942
26125133102,26125134900,103.0,1.488407636754098,-0.316315627917135,1.804723264671233
26125133102,26125135000,114.0,2.153520593024555,0.5313402086757728,1.6221803843487823
26099982300,26125196000,138.0,1.186127055917687,-0.13596463647169338,1.3220916923893804
26163586201,26163985400,149.0,-0.970576795000234,0.25291183379404425,-1.223488628794278
26163517200,26163551200,146.0,0.7419883824026882,-0.4559065732694868,1.197894955672175
26125191000,26125192200,84.0,2.7756599315308,0.6978488533977794,2.0778110781330206
26161402201,26161410400,172.0,1.4442916168119146,0.43631034671942603,1.0079812700924886
26161402201,26161407600,179.0,1.5636829989039347,0.6203504309840535,0.9433325679198812
26147637100,26147637200,148.0,-1.219838508687853,-0.16768157404156603,-1.052156934646287
26161402201,26161423400,200.0,1.0601319742856705,0.28315530753384444,0.7769766667518261
26125190700,26125981500,133.0,-0.9553144084727281,0.20053502878435453,-1.1558494372570827
26125137101,26125168700,78.0,-1.5067148705252051,0.44768683897663997,-1.954401709501845
26125194000,26125197600,85.0,-1.472922634518544,0.28700558390159336,-1.7599282184201375
26161402201,26161414200,137.0,1.515206272701774,0.44187934283632624,1.073326929865448
26161402201,26161416200,200.0,1.4130225862525245,0.6868312900248683,0.7261912962276562
26161405500,26161980102,102.0,-1.8768082293289368,-0.4646203096819027,-1.412187919647034
26163561700,26163561900,98.0,-1.8861655740743797,-0.4408767159046575,-1.445288858169722
26115833300,26115833900,133.0,-1.2183762804634375,-0.16154927853099926,-1.0568270019324382
26093725000,26093730101,73.0,3.072488860888466,1.2220853565595162,1.85040350432895
26161400100,26161410300,85.0,1.9993941588949808,0.4377702212203103,1.5616239376746706
26161402201,26161405300,200.0,1.2252010409088039,0.5717981841954265,0.6534028567133774
26125161600,26125196800,63.0,1.84359420816461,-0.22635643453433113,2.069950642698941
26099223801,26099231800,77.0,-2.3843982526471272,-0.6990055235893012,-1.685392729057826
26163558301,26163567201,103.0,1.114507557137662,-0.12259869775311824,1.23710625489078
26099225200,26125981500,133.0,-0.6584058871328163,0.29827005027892783,-0.9566759374117442
26161402201,26161404200,115.0,1.7896264811293312,0.6894272537814314,1.1001992273478998
26093722100,26093722300,88.0,-2.0956376203385263,-0.6653756865017981,-1.4302619338367282
26161404300,26161980102,121.0,-1.8340566868780905,-0.7953371551273825,-1.038719531750708
26161464000,26163558301,117.0,-0.8427665673223907,0.2297411865163813,-1.0725077538387722
26161402700,26161406000,124.0,-0.8566885048323991,0.15425284267369155,-1.0109413475060907
26125138302,26125168700,93.0,-1.0955648410796204,0.23374952261326298,-1.3293143636928835
26163558000,26163558301,100.0,-0.7828734746425768,0.45123484169005823,-1.2341083163326352
26099226700,26163552000,61.0,2.3914316382423526,0.36869512255945436,2.0227365156828983
26161406000,26161453000,91.0,1.6435298902289912,0.2975164932896022,1.346013396939389
26161402201,26161453000,200.0,1.1737198712417702,0.5635473660320987,0.6101725052096716
26125196300,26125197400,76.0,-0.995258031726479,0.6058078604663885,-1.6010658921928673
26099212000,26147657200,74.0,2.302257842543873,0.6652059092097321,1.6370519333341407
26115831600,26115832400,134.0,1.4560277931248202,0.5535643925581791,0.9024634005666411
26161444000,26161980102,165.0,-1.2756460324143264,-0.5527577373062112,-0.7228882951081151
26099231600,26125197400,84.0,-0.9729240416794556,0.44209692071926854,-1.415020962398724
26161415600,26161980102,83.0,-1.4777745636661637,-0.04636848815249617,-1.4314060755136675
26161400100,26161400700,85.0,1.1231038494300232,-0.2735512079275486,1.3966550573575718
26161402201,26161446400,131.0,1.3693373287213508,0.4651947878006691,0.9041425409206818
26163558301,26163558700,86.0,1.1394750495422206,-0.23267782190098174,1.3721528714432023
26163515300,26163517200,79.0,-1.0626068033573708,0.4282126071969595,-1.4908194105543302
26125193100,26125981500,90.0,-0.821864446494389,0.4856877733740266,-1.3075522198684155
26161406000,26161416200,120.0,1.3903450328084788,0.4208004172823719,0.9695446155261069
26163585800,26163985400,83.0,-1.346747259771705,0.052661720735849404,-1.3994089805075545
26099982300,26125192200,112.0,1.0365975836214492,0.009182894593969093,1.02741468902748
26161400100,26161404200,64.0,2.428086385190571,0.636037604153622,1.792048781036949
26161432000,26161455000,62.0,-2.234194724438087,-0.40305501386574827,-1.8311397105723386
26125151000,26125152000,64.0,-1.67326689600382,0.0514738879636209,-1.724740783967441
26161410200,26161980102,84.0,-1.427198288772996,-0.1217053219095734,-1.3054929668634225
26163517200,26163520300,72.0,0.9981040122364273,-0.5199913371944098,1.5180953494308371
26161402201,26161403500,200.0,1.009806755108361,0.4674576277573731,0.5423491273509878
26099231800,26099233000,68.0,1.9903714758026059,0.40113940619116234,1.5892320696114435
26093724003,26093725000,85.0,-2.383401483165708,-1.1358272965704672,-1.2475741865952408
26161400100,26161404300,72.0,2.187924203989678,0.7317441286538962,1.4561800753357816
26161400100,26161980102,49.0,-2.2012125731109937,-0.0635930264734863,-2.1376195466375076
26163558301,26163569200,62.0,1.0783031313849805,-0.6009303228317757,1.6792334542167562
26163501800,26163517200,133.0,-0.9996522455831665,-0.21761099723371977,-0.7820412483494467
26125127100,26125981500,105.0,-0.7401903615404216,0.24816269571865301,-0.9883530572590746
26099225200,26099231800,94.0,-1.4231266772236102,-0.3203097351367261,-1.102816942086884
26125136700,26125168700,74.0,-1.2110555807013341,0.18765258971921284,-1.398708170420547
26147646000,26147649000,139.0,0.6815451345246761,-0.06158445908624538,0.7431295936109215
26163517200,26163538500,115.0,0.7912963024234696,-0.10333932281416926,0.8946356252376388
26125194000,26125196300,64.0,-1.870824453749417,-0.27852672693535413,-1.5922977268140628
26099251800,26163517200,113.0,-0.5960569672389882,0.3018572280702239,-0.897914195309212
26099982300,26125196100,89.0,0.7273864474928261,-0.4121492968731517,1.1395357443659777
26161402201,26161414500,160.0,1.523861965964832,0.8903965504780628,0.6334654154867693
26093720100,26093725000,62.0,-2.844930593482123,-1.21437966540782,-1.6305509280743031
26125126200,26125127500,57.0,-2.4401647803659414,-0.6807419613710518,-1.7594228189948895
26163533900,26163542900,60.0,1.5425571564222866,-0.12880717873061542,1.671364335152902
26125144400,26125144701,92.0,-1.3037241351867233,-0.22060498946289964,-1.0831191457238236
26125140500,26125141500,56.0,1.7175972297110011,-0.051336366185967985,1.7689335958969692
26161415400,26161980102,69.0,-1.4268814334503699,0.007002616030682751,-1.4338840494810525
26161414700,26161980102,69.0,-1.542679581903201,-0.11859489468111184,-1.4240846872220891
26125194600,26125197400,77.0,-0.8827223374992778,0.3862571750876175,-1.2689795125868952
