geoid,pi
26093710100,0.0
26093713300,-0.1548027399929226
26093740300,-0.48415440521747954
26125144400,-0.16078845403492287
26093742900,-0.20781780048437962
26125144900,-0.05665596160938167
26093742500,-0.10822400269958615
26125981600,-0.4609287724858229
26125145501,-0.18001861000941666
26163572800,-0.1642173195995684
26163533900,-0.3098865325205491
26125173500,-0.21764803747221906
26099254500,-0.20463796791600183
26093740800,-0.11935855892642332
26093724002,-0.13047992265673167
26125132100,-0.22691006518909806
26093744800,-0.23028023871920855
26125136602,-0.36156910576780027
26125138600,-0.3537095670080625
26125136601,-0.35453795514422937
26163562300,-0.147852125265249
26161464000,-0.15750599181626476
26125160400,-0.397167302888585
26125196700,-0.42638721762375287
26125191200,-0.2509367668824672
26125130400,-0.05804543822938571
26125127300,-0.03794159560833707
26125132600,-0.3578433789174208
26093742403,-0.1273595600764858
26125156900,-0.3358735357614671
26161465002,-0.09650502896640185
26161455000,-0.37406406908828754
26161400100,-0.3913177298402329
26163520800,-0.31748134293251784
26161404600,-0.397823691931472
26163517200,-0.3326219973927498
26163520700,-0.3671461071028106
26163587900,-0.24481098434372447
26163985400,-0.20833066489437002
26093725101,-0.13839243347361418
26093741100,-0.31166247734958397
26093744200,-0.10701699796066612
26125136700,-0.3809736759282913
26125160300,-0.31361952716795577
26125160900,-0.32811417663090636
26125168400,-0.3958720113429978
26161454001,-0.14607776115905632
26163562800,-0.5206415920434554
26125133102,-0.280042652796409
26125136000,-0.3308244364559379
26125168700,-0.2665567317785083
26093724001,-0.46255887336430124
26093741601,-0.16815887441209235
26125981500,-0.2643488953502053
26163560300,-0.33729310013254055
26163557901,-0.3316449519963211
26125161600,-0.2723276481124936
26161406000,-0.25638124797286077
26163561700,-0.265327821513461
26099982300,-0.4537320561548738
26125162200,-0.3569860041187963
26163566700,-0.2827229741964541
26125167000,-0.29000968345938294
26161402201,-0.09420464659953527
26163556500,-0.22328111937995637
26163558301,-0.15690074672490548
26125131800,-0.22111963001827717
26161980102,-0.10299962864561192
26125157500,-0.12618368564002674
26099214500,-0.12839366736839938
26125141002,-0.18584150814029532
26099250400,0.0696377449061507
26147622000,-0.14825115899139976
26163550500,-0.10368583730096413
26147658100,0.0074273546043570424
26163502600,0.013738427966672668
26099262700,-0.11798118716597233
26125126400,-0.13310708572430113
26099222800,-0.1381747589990362
26099240400,-0.11540294746233057
26147621000,0.3712612938272117
26147641000,-0.07208593290263812
26099222105,-0.13661236515757846
26099250500,-0.08129841996597317
26099224101,-0.1126011774253878
26161404500,-0.25514911636993487
26161402100,-0.18335677278854548
26161403600,0.015398311766042136
26161411200,-0.05268124122027844
26161405600,-0.21992952766506327
26161980101,-0.0008484566522041678
26161414900,-0.08716319929595272
26161410200,-0.3232302225840495
26163568000,-0.29420424974290904
26163569900,-0.0288997723302982
26125166200,-0.11850884921279954
26125166900,-0.1798456373267005
26125166500,-0.24276043651817086
26163554100,-0.1195264857954237
26163569100,-0.20343730214227876
26163554800,-0.18670781855508606
26125135000,-0.12766122138798278
26163570200,-0.055948452030013814
26163554500,-0.12711500708729326
26125168902,-0.1410543176754225
26163583001,-0.08803966256463241
26125167300,-0.31604888475473564
26163572400,-0.1559442718883423
26163554200,-0.3337446014741157
26163574800,-0.27442756135828833
26163583300,-0.09963598124975787
26125167400,-0.31087246334172075
26163571000,-0.1133761871871096
26163584300,-0.19235519816582622
26163585500,-0.24332748017873446
26125168901,-0.01974004351342908
26163571700,-0.18767931506533564
26163543000,-0.17192345136417167
26163543900,-0.3638696245944926
26163537500,-0.16230738379178908
26125188100,-0.25063036392014865
26163537600,-0.14395191062704407
26163533800,-0.008208948198820535
26163547000,-0.06541434281912863
26125153200,-0.39890936822124623
26163595000,-0.0028755647650607766
26163532600,-0.36902088099026936
26125171000,-0.2629095239755145
26163578000,-0.13438574484834317
26161411700,-0.02176564545985424
26161413401,0.04492996955846098
26161416200,-0.12662041883681702
26161410900,0.004954615324170273
26161426002,0.04420067597449481
26161422201,-0.03497090545225613
26161423400,-0.16891768114018244
26161465001,-0.0864184536879253
26161466000,-0.017545701809659812
26161410800,-0.247091253060741
26163564300,-0.02960641684076208
26163588001,-0.07412939442816678
26163565100,-0.23873608969205612
26163562400,-0.141465624392365
26163560100,-0.352604978572691
26163564800,-0.14586513421930508
26163563300,-0.28678687534512076
26093743500,-0.05915895230000095
26163589402,0.05259983052348789
26093743900,-0.050084094406175374
26163587000,-0.17983426010757309
26093733603,-0.15800107552056136
26093743400,-0.0753753243246237
26163588400,-0.10622740993583722
26161446400,-0.10037114118104068
26093743600,-0.07259053456392685
26163561600,-0.2734794870366594
26163563900,-0.3513668117742764
26125139400,-0.40453696172138914
26163561302,-0.2517236002956106
26163562600,-0.27553128315126973
26163564000,-0.22916541561195966
26163563800,-0.10748255757896887
26163563400,-0.18868682401920964
26163563200,-0.12169522103815841
26093744600,-0.14820145238493856
26163565700,-0.15233020221175886
26163564502,-0.032446803654403854
26163588200,-0.029110264894907267
26163563500,-0.2814608067201246
26163561900,-0.060935154814404965
26163564501,-0.046803546393740965
26161444000,-0.09304392489475373
26163588102,-0.23309473223414792
26161426001,0.15894056180452995
26161420000,-0.12427892900186707
26093743800,-0.04105921212253667
26163564402,-0.07610430191294158
26163591600,-0.24161079336306812
26163555500,-0.18780352077547144
26125168500,-0.09307453271294884
26163575100,-0.11943153312861553
26125162500,-0.3408171912722011
26125157300,0.07708008161086173
26163544300,-0.22290849597818435
26163575200,-0.19295749329332226
26163589401,-0.029022883837813793
26163566600,-0.15226801908182647
26115830802,0.05746607895337631
26125157200,-0.08181533388434022
26125157700,-0.23104413758991832
26125165000,-0.25458432828005256
26163555300,-0.2939447947428578
26163570600,-0.10191919865900508
26163570900,-0.05773114000312391
26163572600,-0.2423630838447969
26163574900,-0.2513739261410639
26163584802,-0.12791606486101811
26163590600,-0.12512454446863697
26163567800,-0.12375819761284744
26125137800,-0.18494882321516415
26163558400,-0.08256788590153324
26125133003,-0.14657562465869808
26163569700,-0.2253470327389113
26163569600,-0.21531314487705647
26093740900,-0.14094393826879675
26163565800,-0.14139548342947897
26163589300,0.04515829156147506
26115830700,0.13349001268688018
26163560201,-0.14673670145224837
26125136101,-0.29304822596597563
26125133101,-0.1380255867942237
26163585600,-0.0839681138847097
26163568400,-0.19189655930123098
26093733604,0.019608291385464043
26163556700,-0.22212040003697872
26163560400,-0.16440215386082266
26115830600,0.02031109124736179
26163557400,-0.2354425134789687
26163558800,-0.18260473051887652
26163585900,-0.2948358153500294
26163567400,-0.2845516868415881
26163569500,-0.08523824237587584
26163568200,-0.2641560905365525
26163560202,-0.26806885348304105
26125136500,0.05411832227432127
26125136300,-0.2855730987543891
26093740500,0.0039973187004154155
26163568300,-0.2086908124027377
26163558000,-0.2929121666273544
26163556400,-0.06016250541784454
26163568800,-0.21261898213155334
26125137700,-0.27591362355818605
26093741602,-0.11940767709601738
26163585800,-0.2341714994829137
26163557700,-0.23384339524064243
26093740700,-0.08205061872017494
26163558500,-0.08631726319010061
26163568500,-0.173780456448668
26163568900,-0.376684900749648
26163567300,-0.21923327680344978
26163566900,-0.194315542814551
26161447000,5.379510133661278e-05
26163551300,-0.14728592646450878
26125192000,-0.22389686618009405
26125120000,-0.05316923355021967
26125183800,-0.2775342750248727
26099224202,-0.060405278816593175
26125184400,-0.3465612380617609
26099251200,-0.19913944420293647
26125141200,0.024226905665367313
26125196400,-0.24874063412366232
26125126200,0.1837403000758783
26125191300,-0.12828483195983717
26099224600,-0.04347890327952901
26099263500,-0.27474777935576555
26099230901,-0.24052549589745378
26163517300,-0.4620960204304118
26099225800,-0.3003668008937805
26099263700,-0.19436439674906988
26125128400,-0.2618816625031972
26125128700,-0.051818842375715546
26125121800,-0.10742716257800759
26125181300,-0.24941842494566616
26125140500,-0.30589174242129946
26099250000,-0.1339396885971287
26099223802,-0.17037827883808596
26147636000,0.057444256181588604
26125141300,-0.12283059756908912
26099260000,-0.010743510843704833
26125129000,-0.14937944354563917
26099241700,-0.12916203125416664
26125197900,-0.1972645265462473
26099260900,-0.24491156954449708
26125127400,0.09533804765606584
26099225600,-0.2242707551688197
26125128100,-0.1460091967152002
26099215202,-0.4820646641704223
26147637100,0.019096391923949272
26125175000,-0.10290586231952945
26125194300,-0.2874271888147887
26099256700,-0.22819569425365305
26099268300,-0.24137799752183453
26125122400,-0.01230089001176134
26125196500,-0.4042174776612055
26125196200,-0.3647737955399068
26099260300,-0.16499712642130393
26147640100,0.15396575617793634
26163553601,0.1675207577399578
26125981300,-0.3789373425457618
26099225200,-0.08782042331862175
26099224400,-0.2344030742824616
26125121000,-0.1270212426628387
26099255800,-0.10566822866772983
26125123000,-0.004671505652134995
26099263400,-0.3163365440889757
26099231700,-0.21592964902720937
26099242500,-0.2091277608046775
26099254100,-0.34678960369266026
26099255000,-0.30238136164100277
26099221100,-0.231457051071707
26099226700,-0.4069193962372588
26099227000,-0.2622410756223364
26099231200,-0.24533514459857533
26099262000,-0.2600379614197143
26099262300,-0.34047325253077293
26099262900,-0.0581410798282003
26099267600,-0.24252586322073705
26125120300,-0.09521322474542486
26125121700,-0.1112553152523083
26125125000,-0.02982778367037053
26125127600,-0.11138744922090835
26125141700,-0.1975731248557622
26125143500,-0.30001297135118654
26125190800,-0.19732899713451085
26125192700,-0.22051893643139667
26125193400,-0.2611692935550694
26125197200,-0.29883003988688994
26125198000,-0.07362775104272466
26147651600,-0.003782248636349824
26163515400,-0.45206939887508074
26163550100,-0.014586392602291795
26163550700,-0.18344141642637735
26163551800,-0.05431787649779122
26163552200,0.165138533397215
26163566400,-0.27434058307494696
26163565301,-0.1739677127550633
26125150200,-0.4149453849004487
26125152000,-0.3078421753595761
26125152600,-0.3895621305416938
26125157600,-0.13431141610693623
26125159000,-0.3631416496897692
26125161100,-0.31716530086311795
26125183500,-0.3489318784011434
26093710500,0.08133961635768794
26115831800,0.08888756066153616
26125131400,0.010823875007720262
26125142000,-0.0909282120721167
26125142400,-0.03442637218553976
26125142500,-0.39467719199224055
26125142600,-0.28036607565435523
26125144200,-0.17753552688516686
26125145200,-0.07837266444030998
26125145600,-0.038189009403579055
26125145700,0.053749665451353464
26125150500,-0.4877869930987419
26125150800,-0.32196900615155033
26125153300,-0.3810148175517297
26125156100,-0.08802275162468685
26125156400,0.021131724137843515
26125156500,-0.014513724514855879
26125158200,-0.27413194508556965
26125160000,-0.2477663763124619
26125160600,-0.36227031725537107
26125160800,-0.2908336250242688
26125161200,-0.5032140813967945
26125161400,-0.10830299758103748
26125161800,-0.3384313822610074
26125162400,-0.09135949873031206
26125171100,-0.18274305127270712
26163538400,-0.21385517211513122
26163572900,-0.009791323287254615
26163573300,-0.2595508232656218
26163573800,-0.31864873266626564
26163574000,-0.137154511993994
26163575500,-0.1525094935221134
26163576100,-0.19189408056367308
26163576200,-0.127155548123863
26163576600,-0.12867781956933885
26163576700,-0.17903852434133155
26163577100,0.030240330861529018
26163577900,-0.05166160812424313
26163578500,-0.0942624073415916
26163580500,-0.10673607583621575
26163580600,0.12698504100456487
26163580900,-0.20689353647221717
26163581200,-0.16055594333518336
26163582100,-0.03262227709353364
26163592000,0.040672250858725355
26163593200,-0.09685134798062614
26163594000,-0.12462119627974869
26163594100,-0.025930796787127272
26163594200,-0.08178674562500865
26163594300,-0.0378413230197635
26163594401,-0.290172535604694
26163594500,-0.07212644095795341
26163595100,-0.21689092756886647
26163596200,-0.06847392093829693
26163599001,-0.06766172800084568
26163572200,-0.18659185017486754
26163556200,-0.2615307259961446
26163558200,-0.16462456941448778
26163567202,-0.047776816395869996
26163583200,-0.19524557377372084
26163572700,-0.0669139069345741
26163569200,-0.100936412111384
26125134800,-0.31822224136368954
26163590500,-0.30897240907861584
26163570100,-0.15573596209073598
26125132500,-0.037508864738992474
26125135200,-0.2123533986678995
26125134400,-0.2005642651580993
26163556800,-0.16710386616655518
26125136800,-0.30267541103276174
26125131300,-0.1314855618711214
26163583900,-0.20894540007099066
26093712601,-0.032771114002662395
26163574600,-0.09382575096463595
26163559100,-0.1302220764226578
26115830801,-0.03205084623218244
26163573100,-0.13296940106387617
26125134600,-0.14740969077876137
26125166100,-0.27791956086800934
26125133002,-0.12998091622750285
26163567201,-0.024984269130718748
26093730600,0.1722795105300098
26163567100,-0.19688426898300324
26125134700,-0.29900995698155747
26125132700,-0.1817021685364831
26163583500,-0.09846409308041279
26125135100,-0.2903923232343069
26163555100,-0.22840203904268985
26093732100,-0.015669603721538177
26125134500,-0.32826654936161176
26125166400,-0.011375791884681097
26163591700,-0.06486879505554488
26163575000,-0.203169002396567
26163584000,-0.05020303919630237
26163558100,-0.2947875888163144
26163557300,-0.3419142583611597
26115830900,0.09971224621472538
26163583400,-0.09868817937814316
26163556900,-0.11790987245443195
26163583800,-0.20204428347950493
26125135300,-0.06496040504496611
26093713500,0.009105472281839343
26163584700,-0.1577926743611699
26163554300,-0.04904831144665917
26115830400,-0.05546822288701455
26093713700,-0.16817036513455635
26163575300,-0.20933231835019644
26163584400,-0.22031177741143124
26161431000,0.08337439016454436
26163556100,-0.2929847431476998
26163557100,-0.2387394516839644
26163558900,-0.2722454392967524
26163570800,0.008159864245943727
26125134300,-0.1786570323273616
26125168602,-0.17296708326855048
26163559000,-0.2306611358187617
26163571800,-0.1874461990997465
26163590401,-0.21693454094132633
26163559200,-0.02551357085903763
26163554700,0.004448588753599988
26093730101,-0.0152060708174224
26163586201,-0.3021045246318563
26163584501,-0.17629146936344048
26163556300,-0.2977475293255031
26093730102,-0.1159734254415934
26163572100,-0.2640513397140227
26163567000,-0.18017922475991904
26163569800,-0.19999585553726687
26163584200,-0.1178918480315077
26163583700,-0.2586879820042537
26163557200,-0.2856431196821726
26125165100,-0.41995103123724037
26115830500,0.06690566027399698
26163583101,-0.0929474391980845
26163558600,-0.24918732701335425
26125133001,-0.31653505240727936
26163569400,-0.22866413544573902
26163586300,-0.31989416950064276
26125150600,-0.34221150751747115
26125154100,-0.030757045967670305
26125170100,-0.2990850454476971
26125160500,-0.39700021122166695
26163542100,-0.19437821576809142
26125150700,-0.15954338609435922
26163545800,-0.01716220238433849
26125144800,-0.08173791363916237
26125144701,-0.06298908853280911
26125154600,0.05099884513911253
26163577400,-0.11577097731043542
26125144100,-0.08673397528081596
26163543300,-0.33606093990233576
26163540600,-0.03357224678140946
26125154200,-0.25842608758606
26125187000,-0.2181336475528354
26163584100,-0.23873296140257844
26163540900,-0.237244932012013
26163574100,-0.2024233426208967
26163524200,0.020630958553857694
26125158000,-0.33068599045395947
26125161900,-0.3951353531998935
26115831900,-0.25029347588301054
26115832600,0.12828770814967347
26125131100,-0.020405846890870678
26125142100,-0.09332423811028315
26125145502,-0.15913967997318532
26125145900,-0.29000654684759714
26125152700,-0.14176788533254872
26125153100,-0.38287722188588846
26125154500,-0.286588854772752
26125157800,-0.2739054562440377
26125157900,-0.1455099493060117
26125162300,-0.3335343988209055
26125166700,-0.33661379836314487
26125188001,-0.05803913737818525
26163538600,0.10537541251738547
26163541500,-0.2199803245681193
26163545900,-0.12952421755839946
26163559800,-0.12894142742593415
26163576400,-0.24439226121132457
26163577200,-0.1032774822993889
26163579200,0.021723902608015627
26163580200,-0.08112838017869223
26163580400,-0.0595488580161749
26163581800,-0.08672002307211933
26163581900,-0.08430621400237732
26163582000,-0.1445825584472683
26163591501,-0.12706418793747265
26163595201,-0.1646719486571664
26163981901,-0.4537529105442778
26099227300,-0.21336533080556622
26125196300,-0.27066019720860435
26125197400,-0.2568121947626646
26099230602,-0.22342052899388998
26099261300,-0.26663911882847713
26115833700,0.1995361453601426
26125121400,-0.13258807385778762
26125124000,-0.036426910759628485
26125124500,0.02643745238847971
26125127000,-0.08740457058096858
26125127700,-0.08110637896655375
26125128000,-0.1062888229342104
26125128200,-0.08484586730239226
26125128300,-0.18793870303842333
26125128500,-0.18437514783902414
26125128600,-0.19063860531916824
26125128900,-0.3392905837598716
26125140301,-0.06670354681326503
26125140800,-0.3624709359970108
26125141100,-0.09336535636979551
26125141400,-0.4536867416076518
26125141600,-0.17369670808695792
26125142200,-0.3950541791874355
26125142300,-0.34323774720355266
26125190400,-0.061818893644564006
26125190500,-0.16889954629522175
26125192400,-0.279692524763632
26125193500,-0.15177356925587737
26125194000,-0.2969501267485134
26125194100,-0.2078268915286951
26125196000,-0.3874992324615114
26125196100,-0.06028624286212571
26125197500,-0.320576718310331
26163520200,-0.47470547441666827
26163551100,-0.11612326075335035
26163551700,-0.009448409755949216
26163552100,-0.05382698404174595
26163552300,0.006089260866066442
26093722300,0.05630661268173336
26115830300,-0.24023121372331518
26125140900,-0.2152300929980205
26125142700,-0.3563367695143316
26125150900,-0.43851489295276475
26125162000,-0.32289128104021636
26093710300,0.01009916927678728
26093710700,-0.030214835339797616
26093711000,0.054153161059905565
26093712101,-0.04330437464259314
26093712102,-0.09393720360598483
26093713100,-0.026790065460226144
26093722100,-0.06578550416543069
26093722500,0.18311678957787064
26093724003,-0.05746866960976895
26093725000,-0.10302114320363245
26093731100,0.046646127366881604
26115830100,0.04512146179313908
26115830200,0.08089197626614232
26115831000,-0.050671803428401364
26115831100,-0.07898641558345278
26115831201,0.1034256718980919
26115831202,0.057608400282308195
26115831300,0.123655808392974
26115831400,-0.16538013741802882
26115831500,-0.08457024278380254
26115831600,-0.3074288459178995
26115831700,-0.08748819601581675
26115832000,-0.0538037996846131
26115832100,-0.04626008556048096
26115832200,-0.1140436784723381
26115832300,0.00496160638792961
26115832400,-0.08820531290699785
26115832500,-0.21052213611334603
26115832700,0.2878239878647656
26115832800,0.006486603787370396
26115832900,0.04253110899290303
26125130000,-0.1520367573786736
26125130200,-0.04274780644077632
26125130300,0.043105625809670485
26125130500,-0.014160344360660009
26125130600,-0.10245120339244096
26125130700,-0.12355417236831563
26125131500,-0.01871023586534453
26125131600,-0.11665776766952164
26125134000,-0.029143003361983236
26125144301,-0.15924492480451746
26125145300,-0.04404899779943239
26125150300,-0.20680773268732602
26125151000,-0.2487414237325288
26125156200,0.019653063927248214
26125156300,-0.08109999439480337
26163573400,-0.1467602660523407
26163573501,-0.10353991513438428
26163573600,-0.17350973614082676
26163573702,-0.07429306295737274
26163573900,-0.04041198398733111
26163574301,-0.04527009399543487
26163577500,-0.03357402331266123
26163577800,-0.1974070076023152
26163578600,0.018771792201264098
26163579900,-0.2735433354540438
26163580700,-0.18538791712556799
26163581600,-0.09927658652502533
26163584600,-0.2160640307996909
26163591502,-0.24876208249441806
26163591800,-0.11058788793632726
26163591900,-0.014056758601766656
26163593301,-0.12963543269914374
26163597000,-0.13542447944414324
26163599100,-0.0015645117828744287
26161980200,-0.26753205832260485
26163986501,-0.5968612737142868
26125126300,-0.23822902091678946
26125141500,-0.3056271366724525
26125196800,-0.40191899373800616
26125197701,-0.38903092072313067
26093720100,0.06768169293092025
26093721100,0.15118856904000283
26099268000,-0.20015419339451698
26115833000,-0.0016670136421267088
26115833100,0.16515208706556847
26115833200,0.19557330980345516
26115833300,0.044054226936586435
26115833500,-0.06866550886176405
26115833600,0.08659663658671
26115833800,0.04229076624836364
26115833900,0.20893947322881415
26125122200,0.02151959360883921
26125127100,-0.14778081244878596
26125127500,-0.17732596693612976
26125150000,-0.17247935584290364
26125190200,-0.1554500224539734
26125190700,-0.08686533298796344
26125197000,-0.2427835403932544
26099225702,-0.050855987613887516
26099260800,-0.22020677209823508
26125183200,-0.07997076506625816
26125183600,-0.15975752329927004
26099242002,-0.18315873923037185
26099230400,-0.18672506555135102
26099242003,-0.08723935908708472
26125175100,-0.10390333136751558
26125184500,-0.3293793681067534
26099232000,-0.1776665087747332
26163524700,-0.18988419051160702
26163580300,-0.2086419281476451
26125126500,0.07719433442255466
26163579600,-0.2612685083460448
26099243502,-0.10941287146138268
26099262800,-0.35434312282711466
26099226102,-0.10687032327106953
26099240602,-0.2321707436016038
26163543100,0.11295520559737574
26099245200,-0.2246144871751324
26099215201,-0.13879633656841134
26163557500,-0.16919189693613673
26163550800,-0.05891121428906181
26125140700,-0.16681564099397947
26099256600,-0.19488503315619282
26099258400,-0.033894329097371605
26163536900,-0.1641415947143819
26163538500,-0.010004467297293415
26163541000,-0.22953426644186153
26125156000,-0.2255945683595182
26125134900,0.1308197866069157
26163513300,0.09752297575439149
26147651200,0.11564042481640821
26147649000,-0.07617877031897079
26163564504,-0.015017218255304903
26125125600,0.056895886767449326
26099231000,-0.0190894690396578
26099232200,-0.20701647750977034
26099242001,-0.28846676361015966
26099233000,-0.06419112752865924
26099232100,-0.07596295445499875
26099230300,-0.17282343230641492
26163547100,-0.18506647457480907
26163535300,-0.1664789557081367
26163504200,-0.05755738658648718
26163530900,-0.14664149372538188
26099247202,-0.12433453967929996
26163544100,-0.097397897081254
26163551200,-0.02085658142383655
26125166600,-0.32604084747793405
26099223801,0.07227624131290485
26125157000,-0.026902627518816072
26099255400,-0.17831344625070342
26163507400,-0.03762745287381552
26163509100,0.14945399965232725
26099258100,-0.2214690324551608
26163517500,-0.30479917876691814
26099215000,-0.095641081511597
26099215500,-0.11762049931320033
26163552801,0.2236147306467684
26099223401,-0.04066372317546749
26099264200,0.012281946457064815
26125122900,0.00011610037975238814
26163580100,-0.2984520698962271
26099241000,-0.0730641789242464
26099241900,-0.1554192437485508
26099245100,-0.19627826545601557
26099224002,-0.10638206806521922
26125165200,0.016333874626575245
26099223402,-0.13244565665071778
26125168100,-0.2319232749203345
26163985200,-0.34701948988105796
26099221800,0.0015295261778015988
26099212000,-0.21384781768442182
26125137102,-0.11798877820970748
26163561200,0.1285296829374458
26163561301,-0.15335854933627438
26163564100,-0.1018222060642955
26163983800,-0.35731612940943597
26147625001,0.06143456199851287
26147635000,0.07439671249361707
26163575600,-0.3141068789817081
26099211000,-0.18904979595886556
26099210000,0.02113407660098193
26147650100,-0.20586503903100972
26163985700,-0.43510179153116846
26099268200,-0.19651393795357958
26125136102,-0.31780205901724
26163550400,-0.39428299731718625
26161407400,-0.0026860126928120757
26163564503,-0.1725098724601298
26163564401,-0.06062962759287182
26147642000,-0.11421923653791695
26125184700,-0.059710761329918476
26125170300,-0.2166697624730801
26125175300,-0.09401123944840376
26099241500,-0.20065598333239654
26125184600,-0.26173149912697685
26125140600,-0.3665805356442343
26099980000,-0.2360896181699806
26125181500,-0.2579852705903358
26163505400,-0.10326679981466104
26163535600,-0.1448824943551592
26163557000,-0.0698032199165342
26099226101,-0.2780270117119783
26099245300,-0.31669003088271935
26099258800,-0.04908709173918236
26163506500,0.11091567434711928
26099255900,-0.10348780034969647
26163506200,-0.2279851824949792
26099255100,-0.14917700947721524
26099243000,-0.1884079683285782
26163503200,-0.09879105618196737
26099255600,-0.06837371144218321
26099258600,-0.1760717507795926
26099240000,-0.30516536836603425
26099247201,-0.12611391048992424
26099225402,-0.07741292427944614
26099261100,-0.2403669229317752
26163539200,-0.18226942223291204
26099240300,-0.036407009475296626
26125140101,-0.37638501660077545
26125172500,-0.2409900060931573
26125172400,-0.21867178833877332
26099261000,-0.19246632666127791
26125183400,-0.4058701061872863
26125158100,-0.26340913489753026
26125183300,-0.29254125312542706
26125173600,-0.2827159421834103
26099231600,-0.10047910701624893
26125197300,-0.2782498540371166
26099232400,-0.2197499158741372
26125173100,-0.3468741231421957
26125171500,-0.2808945282969911
26099982001,-0.27464283906759657
26099262500,-0.22540998274064558
26099230000,-0.35716451782125774
26099228000,-0.2619584263080044
26163505200,-0.03688235843430082
26163524500,-0.3997550910058197
26147643000,0.0507009066187581
26125181600,-0.2865748571217726
26125197702,-0.3675003507186115
26125152900,-0.3057708357772711
26125181200,-0.28469192188283765
26099232500,-0.10089071600682271
26163505100,-0.3151592652639318
26125192200,-0.1953621844753724
26099241400,-0.21851870879602747
26163532100,-0.1665390170631413
26099258700,-0.09501269203475778
26163530100,-0.15303680096561326
26163530400,-0.14852376851755378
26163506700,-0.2193271880171477
26099261200,-0.12373766084724179
26125166000,-0.33643187984421374
26125150100,-0.3513706838440314
26163525400,-0.07452672321179246
26163504000,-0.0035834515141824996
26163516600,-0.12479926738274813
26163526000,-0.3060880889268748
26163518900,-0.3161327852921001
26099256000,-0.31264847495563414
26099240500,-0.05615334297977144
26099225900,-0.134053260787631
26099256800,-0.08724665561010972
26163983903,-0.35088408525686043
26125193100,-0.29350171598448827
26099261400,-0.09414325100098486
26125138100,-0.16914082868583363
26163983902,-0.29333589985566816
26099230501,-0.25222267167448137
26099263200,-0.8225579657182797
26099241200,-0.18075951762279366
26125161500,-0.33936183265602804
26125162100,-0.33580671517661465
26125173200,-0.263691104904292
26125197100,-0.2629531578051117
26125191100,-0.16703729001846226
26125140303,-0.3727223599026863
26163515300,-0.3510808553732991
26099230502,-0.24650601668847716
26125194400,-0.22781486803357773
26163506600,-0.10056728062428583
26163509000,-0.3039869785764434
26163537300,-0.2101177407313797
26125161300,-0.1313006142180819
26125180300,-0.2941757221451953
26163541100,0.02521403484034233
26125171400,-0.08764809421164191
26125181001,-0.29262505625198054
26125184200,-0.14243452538792345
26125161700,-0.328319989907989
26125170200,-0.17123871536961235
26099206700,-0.26119554488953295
26099251100,-0.25342712815900603
26125127200,-0.3358968954928995
26099243501,-0.13675630086436047
26147630100,-0.23891353029021492
26125196900,-0.30348057795867245
26125154000,-0.07936193076688017
26099261800,-0.1413440235364795
26163983302,-0.3374104247550394
26163985100,-0.5698996541403135
26125168800,-0.30834969433973725
26163555600,-0.1462843621047018
26099226400,-0.23171905348879457
26161415400,-0.277037805106636
26163534100,-0.21122713702351453
26163546301,-0.1821735108983634
26163531600,0.10359212110113244
26163536500,-0.17761753286976986
26099262100,-0.3468264603671899
26163517100,-0.22893934110687944
26163522500,-0.3184165492834934
26163983700,-0.44478329221662827
26163570500,-0.198718903447486
26163581101,-0.045812935126321216
26099263600,-0.1019525887413509
26099254000,-0.3092117318017692
26163562700,-0.2263440131301729
26125171300,-0.18023108518037823
26163539400,-0.0016569407396999942
26163527900,-0.14990893964398025
26163505700,-0.3951802592579256
26163557600,-0.3737434901998866
26125193300,-0.266127561573534
26163533300,-0.09283784670016167
26099231800,-0.2838864166585798
26163983301,-0.5024029418866598
26125157100,-0.18418540062166153
26163547200,-0.21222011221475529
26163531502,-0.21386865492884713
26163554600,-0.09933042363927744
26125183000,-0.3385269704550727
26163538100,-0.17000823299164927
26163508100,-0.20012957773100307
26125183100,-0.1657084548228451
26163539500,-0.34810237622057794
26163553000,-0.3061589477435252
26163522400,-0.3738586385030083
26099982200,-0.31800430405071833
26163565600,-0.09299965433164756
26163981800,-0.44467422449965616
26163521100,-0.39663405247585765
26163541800,-0.06895637118177025
26125180000,-0.002526333798246192
26163503400,-0.028274123165915807
26163983400,-0.39349412540892514
26125194500,-0.23087207263585133
26163568700,-0.23999373934935525
26163575401,-0.20772481266566079
26099982002,-0.30928060546118574
26099262400,-0.28670063516898187
26163515700,-0.15309613549124346
26163538700,-0.3249873318796609
26163541700,-0.0293472368908605
26163543700,-0.09865666156099002
26163511200,-0.3483688003023054
26163533600,-0.030989551574316734
26163553800,-0.004473700800677323
26163542600,-0.001923661242357775
26163531700,-0.08528964290251936
26163535000,0.022968098105828904
26163506400,-0.2628966283541517
26163536300,-0.14298024106196694
26125170000,-0.2924984215145252
26163544000,-0.04154954371056635
26163536600,-0.23244268354545544
26163511400,-0.1291607080831974
26163541200,-0.18824278157848945
26163530300,-0.2275019359857556
26163532400,0.27719590468103783
26099223901,-0.1432792602910882
26099225300,-0.13710777324398307
26099242100,-0.1297550044259748
26099255500,-0.15702823539543312
26163982500,-0.2162938962875679
26163500300,-0.09172966134542224
26163579700,0.07418816932044368
26163500200,-0.1536834835196351
26125160700,-0.0341788056792644
26163522000,-0.2636074518133096
26125197600,-0.26928532596777094
26125194600,-0.27085614884887094
26163565200,-0.042213290493340536
26099241300,-0.033506704093926594
26099240700,-0.2858765276304768
26163524800,0.0014259611551579883
26163501100,-0.03307285625210989
26099258500,-0.15140513128430974
26163551600,-0.020495194039750926
26163516500,-0.4331724975647032
26163501800,-0.06601442680093665
26147633100,0.14634783955808134
26093742202,-0.41319834793070315
26163514300,-0.1922965103571803
26099268100,-0.25946623023607435
26163526100,-0.15054837444101832
26163521500,-0.3853896630098633
26163521400,-0.3003106094474179
26163518000,-0.42239648261617163
26099255200,-0.15703518741878325
26163583600,-0.07478162873560315
26163542400,-0.0006454560337318242
26163538200,0.021241053441334545
26163543200,-0.06336002693389077
26163539300,-0.021214953898600876
26163531300,-0.239847489639607
26163538300,-0.15163436320599558
26163545100,-0.027996710211962313
26163551500,-0.04890621139549761
26163501300,0.010109079340311751
26163558700,-0.2179447628738479
26163501700,-0.23095326744801323
26163505800,-0.3700814940822857
26099268400,-0.31374008781339335
26163554900,-0.22551813916915905
26163503300,0.12731169316991528
26163514100,-0.09203998184730854
26125181400,-0.23573925352091676
26163540300,-0.17615870899340397
26163537000,-0.11735025114154497
26125173400,-0.20606146896872146
26163540100,-0.015501314293970548
26163541300,-0.2001725246922196
26163554400,-0.10632872414414588
26125144500,-0.11051465602692581
26163516400,-0.2558365822720665
26163579100,0.00040009516699166306
26163550600,-0.14899937701916882
26099222103,-0.1223391776357563
26163571500,-0.1316517947881195
26163981902,-0.31633469534843467
26163982102,-0.3118552466777659
26163540200,-0.023400230255959754
26163539100,-0.16103701604990295
26099225401,-0.06613374927517213
26163535200,-0.12218720007008922
26163542900,-0.2555415269633343
26163577000,-0.14998982242791295
26125167500,-0.28439570584363694
26163541400,-0.09341690501847127
26125166800,-0.11428198931968536
26125157400,-0.20867862295417502
26161414200,-0.18115152750142985
26163584801,-0.06401365043876844
26099261700,-0.2064116090393802
26161415600,-0.25545583732287547
26163598000,0.14321965225879446
26163538900,-0.0616062282802072
26163569300,-0.23536034594839214
26163571900,-0.01234751293952373
26125171600,-0.3686488952965449
26163985000,-0.4768682043329999
26163510600,0.2558295065924003
26163535800,-0.14306779933518604
26163565900,-0.1569468174079411
26099224001,-0.16444261945070668
26161405500,-0.23307094046031043
26093744900,-0.08733040664927376
26163501500,0.018615706689570383
26125198100,-0.3071370960539107
26099241800,-0.1782149316262238
26099255300,-0.2487936431578483
26161407000,-0.2706355903551483
26163985300,-0.44416055659897047
26163519100,-0.2896103636674077
26093742201,-0.07364593170468975
26099218001,-0.06868956232106045
26125137101,-0.20361423878857043
26163521900,-0.25378021646115945
26163507000,-0.22710966951416006
26163523100,-0.4557927776916556
26125194200,-0.3827881222343209
26163564600,-0.02539453188511563
26099262200,-0.24192896315075008
26163564900,-0.25229271019194743
26163566800,-0.2463741588933719
26125167800,-0.06141865661758248
26163505600,-0.17419103474685768
26099264000,-0.1162827311449193
26163516800,-0.17078803834899917
26163540700,-0.16061361290875603
26163566500,-0.2831960889704463
26093740200,-0.10728425193480863
26161453000,-0.28759851212691984
26163511900,-0.41322748085088773
26163520300,-0.382681821392898
26099231400,-0.16068237656821077
26099245400,-0.3025260509284794
26163501600,-0.427047321205918
26125138301,-0.03072402166070619
26163555401,0.053175705110923704
26163537200,-0.08407323577210998
26163533400,-0.005628558253058287
26163577700,-0.011726121382750103
26163513900,0.13210191874783517
26163576300,-0.06091146661143525
26093743700,-0.12101480865083497
26163523200,-0.2566635037645022
26163536800,-0.13397789516898595
26163526300,-0.2512572420357899
26163983901,-0.34300075499281896
26163577600,-0.08543628093830048
26163577300,-0.07420288681575421
26163573701,0.08641807605825796
26099220003,-0.08485285227082424
26163574700,-0.03855927391893225
26163585700,-0.24114965800976326
26125137400,-0.08417678411992925
26163551400,-0.20688709359524365
26125138302,-0.05306377243073945
26161414700,-0.3201279824642907
26161415800,-0.29505446637657556
26161423600,0.011105524653802778
26163542200,-0.13653454811817653
26163982000,-0.16243639382288913
26163565001,-0.10620296056218656
26161980500,0.09638839185054572
26163517000,-0.4217871966177931
26163519000,-0.2388911914380941
26125184000,-0.20203744209537616
26163572500,-0.03843658425259182
26163573000,-0.27319671297579573
26163985800,-0.06133795619120241
26163525700,0.0701505407003056
26125168601,-0.0822957205999941
26163581500,-0.11512027463562567
26163545500,-0.21927181670881724
26163572000,-0.03598276147933229
26125193700,-0.15248740648371584
26161410300,-0.16187707164884915
26163588101,-0.2877677325872955
26099256300,-0.062176350502067324
26163545600,0.06770345220410232
26163579800,-0.19944047216549926
26163506900,-0.018387968394931953
26163500900,0.11737118376253823
26163530200,-0.22091735704068366
26163522800,-0.4344416748064341
26163579300,-0.10713662254160367
26163545700,-0.14053485599506707
26163579501,-0.0744367615219333
26163982200,-0.30740027586363783
26163503500,-0.0323362718521097
26099263900,-0.10499733655139858
26163535100,-0.0015783684894615253
26163524600,-0.26947377186496896
26163574203,-0.13448169624802161
26099247601,-0.11099364178771325
26099252200,-0.14645441224860695
26161411900,-0.07685917225325327
26147634600,-0.0693149792830536
26163565302,-0.14962024033096094
26161422202,-0.33392784830758815
26163540500,-0.1407315171149183
26163537100,-0.09494968302390777
26163531900,-0.19106253994675806
26125175200,-0.17416834203691
26125161000,-0.4416214898211426
26163596100,-0.07616882065560227
26161461000,-0.20702959202745252
26163526500,-0.07817428108072114
26163576500,-0.03295867520492896
26163580800,-0.21031753872185963
26163550900,0.017077922898957307
26147631600,-0.31220035203361907
26161405300,-0.12404599355855556
26161414300,-0.19038489760441274
26161984000,-0.33175223149301036
26163593001,-0.08572879481654555
26163982900,-0.13241814567933577
26163576001,-0.15083172831187608
26163982400,-0.26704922465985503
26147657200,0.12074264441204037
26125981400,-0.33165540812777533
26163564200,-0.16525426247633584
26163567900,-0.13879434902288348
26163563700,-0.1615248428031354
26161425000,-0.16606791835246085
26147620000,-0.2699744832053533
26161414500,-0.04037011408585295
26161403300,-0.28101832550678874
26099251000,-0.11659868715774327
26161410700,-0.12482030464107845
26161400300,-0.19680678252753125
26161403200,-0.4623285300687849
26161403800,-0.30437994172557953
26163982700,-0.2962874310833473
26161413402,-0.22803345804547323
26125139202,-0.23527998725727103
26161454002,-0.2561474161182838
26099247602,-0.0667774333893045
26161456000,-0.37185231672846886
26163539000,-0.13522999216125564
26099261500,-0.04543943059537505
26099225500,-0.04874830544796515
26161407600,-0.22801312995501097
26161980300,-0.2568100535772474
26125139201,-0.012249923034947482
26163983100,-0.33070888597523
26161402300,-0.04837985599918128
26161405400,-0.4003031648589359
26161410600,0.3099242747099167
26161412100,-0.22475435972405583
26161400400,-0.3579322789071709
26161402500,-0.49682642058247445
26161403400,-0.34113782925682046
26161412700,-0.10961240168827803
26161413200,-0.08361196537681734
26161400600,-0.1528876995626238
26161420200,0.0030182345597267526
26163563600,-0.14695206555651832
26161446200,-0.27902142417103554
26163562900,-0.31226926781860087
26161403100,-0.31163529452117944
26161413000,0.08936477152723915
26161412300,-0.07405254234327092
26161411000,-0.04889446785529346
26161405200,-0.0901325754053058
26161413403,-0.30142324955698235
26161402700,-0.5404252036229285
26161432000,-0.10619218150246357
26163511300,0.034607545285994426
26163588300,-0.06037460058741776
26161405100,-0.3265548166816069
26161412000,-0.06690059037236765
26161416000,-0.17655595701839227
26161410100,-0.07326321086020963
26161404400,-0.3383139697641283
26093744400,0.08674393225696593
26163534300,0.29569964144945177
26161404200,-0.2903318792669833
26161414000,-0.24081573258315606
26161448000,0.0930336177437393
26161415200,-0.16857776755840065
26093743300,-0.030357069610415278
26161421100,-0.16578365911004295
26147651100,-0.011650933744080279
26161412600,-0.05568360628562376
26163562500,-0.29564130676462724
26125130100,-0.20809771682071332
26125171200,-0.21467670161388983
26163523800,-0.2088283152333753
26125150400,-0.06850942734843676
26163537700,-0.09462047863514111
26163537800,-0.1907491655880448
26163534700,-0.14922595611535155
26163533000,-0.36773833646766896
26099228100,-0.3443610615554577
26099230902,-0.17083540709364106
26125183700,-0.1458970920148753
26125981200,-0.37995640047154444
26163519300,-0.13831310558458304
26099231900,-0.17234576583001454
26163519200,-0.14745194315587484
26163984200,-0.24530784668682679
26163546100,-0.1214170103611922
26163536100,-0.018933438748849847
26099245000,-0.16317408761908872
26125180100,-0.1151373171745767
26163512800,-0.1132916703894873
26125181100,-0.2738845893587164
26163531800,-0.039480587661272194
26163534800,-0.13565724034023924
26147637200,0.027889906559777553
26163545200,0.14904897854830654
26163530500,-0.2242077214012133
26163539600,-0.10743924911061539
26099215300,-0.2963890561395186
26163500100,-0.06217272466301089
26099262600,-0.2207519912597129
26125184100,-0.2774983485623391
26163542300,-0.08097120650279803
26163536700,-0.18635368585987674
26163552000,0.46353242942849293
26125173000,-0.3006045339233049
26163508000,-0.10517320151399824
26125170400,-0.29115803577334703
26163506100,-0.24340906780197738
26163536400,-0.15851552320537662
26163507100,-0.0481198124211175
26163506300,-0.3381179638846024
26099256200,-0.10523148533846598
26099254200,-0.2748385083365892
26099222106,-0.17715969212323304
26099222500,-0.2793605315526142
26099225701,-0.18664522726706517
26099250800,-0.11344959466231318
26099982100,-0.10624968696627879
26147633200,0.10849372117969029
26125183900,-0.12538007958267866
26099251700,-0.26021387551144604
26163516700,-0.0629981395901091
26099230200,-0.1360030242350111
26099214000,-0.21066767043304258
26147648000,-0.15741548551512116
26125122700,-0.031408840962160255
26099258300,-0.2262470029342343
26163504300,0.025248709259161468
26163542500,-0.20430036756277425
26163570400,-0.05769853233179691
26099244000,-0.02312273063697736
26099256500,-0.1168033370023179
26099252100,-0.12479606506973677
26099240802,-0.11821539011706358
26147655600,0.06039577969127639
26147644000,0.05034163705058165
26147658500,0.07921745246410448
26099247400,-0.2221470635021281
26099247301,-0.012295651614315962
26099218002,-0.2059140686969914
26125121500,-0.049203763855840764
26147637300,0.0827390389810927
26099258200,-0.20789208962124164
26099258900,-0.20930021600343646
26099224500,-0.20898083125869546
26125145400,-0.22092750377592657
26125191000,-0.13761746760499438
26163540800,0.04658911726494521
26099260600,-0.2273768591670149
26099250600,-0.07406176875183282
26125193600,-0.14849266731791333
26099247500,-0.1322159015132217
26099980100,-0.3613578782139494
26099231100,-0.14221632087804442
26125184300,-0.138129014059072
26125173300,-0.09806332863152652
26163536200,-0.18502756561110073
26147657100,0.035112160245419397
26147626001,0.12601481538104498
26163543400,-0.013659830001903505
26163526400,0.02648348728876283
26163523400,-0.009984740171741183
26147627000,0.18204138838955392
26147640200,0.02873116383059453
26163550300,0.05742879567918773
26147624000,-0.011513486035924952
26147655100,0.09581684324422482
26147652600,0.043503049001600486
26163553200,0.09020200034324063
26099220002,-0.06254366045647677
26147646000,0.13203285507774004
26099247100,-0.35148535318346485
26147647000,-0.08019335036586986
26147628000,0.17696596317572622
26147630400,0.1017734413195299
26147623000,0.11350536311767745
26147631100,0.03785893438211174
26147632000,0.1338290238689664
26099216000,-0.0374248791426425
26099223902,-0.22493015899644545
26099230604,-0.20663710743574523
26099230603,-0.23168046464951572
26163513700,-0.07686488028918999
26099255700,-0.14771600223622333
26099240801,-0.0006613313965496092
26099231500,-0.15758046533565245
26099230800,-0.12152756156118388
26099221200,-0.16681025416514472
26099240900,-0.15729025782350364
26099252000,-0.17191919463841507
26099250300,-0.1588735313903747
26099250200,-0.08467577487179681
26099217000,-0.0838666087337167
26099251300,-0.11243062588963534
26147640600,-0.002942924242726502
26163524300,-0.19686002923207907
26147652100,0.06394818862965448
26099258000,-0.14077492208565637
26147650200,-0.0567830107039843
26147629000,-0.11807502567242135
26099220004,-0.08672611239103901
26147634100,0.062338790974980164
26163532700,-0.05105729394404025
26099241600,-0.2558152364931875
26099224102,-0.08684837551400051
26099250700,-0.27185852637962704
26147989000,-0.44707378584219143
26099260200,-0.1898925313119262
26163526200,-0.009980520720441746
26099250100,-0.08972737220716787
26125144600,-0.14551277448398411
26099240601,-0.21755280853600267
26125141001,-0.20351911526639455
26163500800,-0.07819680129163298
26163531100,0.04024887375952793
26099223500,-0.15301857740141248
26125193000,0.15681741766710564
26099222104,-0.06122046001556401
26099247302,-0.27239265156198694
26163503100,0.0117270817194425
26099250900,-0.14223889379511803
26099251800,-0.17455554260593623
26125128800,-0.30844423156523615
26099221500,-0.30847055760115516
26099225100,-0.14088998341052644
26163540400,-0.14620999103382698
26161400700,-0.32482547566813186
26099260400,-0.24550303772982798
26099251400,-0.10297744245653254
26099251600,-0.12584875743980567
26099251500,-0.1683830030496689
26163502700,0.007853428195488435
26099224201,-0.21709151961068593
26163501900,-0.05171334577302779
26163516000,-0.017207237933462845
26163504100,-0.11661221700385338
26163500500,0.04061644486733782
26163515200,-0.2313779942672857
26163503600,-0.001107349054408335
26163516900,-0.08849634701506379
26163513800,-0.059319127610072526
26163501000,-0.06603057792553495
26163534200,-0.24507221017171194
26163500400,-0.24401038687096746
26163502000,-0.16768276452742922
26163501200,-0.1323937854934351
26099251900,-0.16348480980969168
26163530800,-0.16211570813908832
26147645000,0.059504922251487305
26099260700,-0.31958941593474194
26099223803,-0.04714923949886762
26099232301,-0.18968187887887178
26099256400,-0.04704278803798384
26163525900,-0.2804780915755349
26099261601,-0.28672674533767417
26163507300,0.11652690044343397
26163552400,0.17847330105471848
26163506800,-0.18296784001890953
26163531400,-0.09573480679303645
26163522300,-0.20934887929362336
26125145100,-0.05600186939982743
26099261900,-0.3056964380804525
26163514200,0.023177749221468934
26163500700,-0.02329132286632687
26163500600,-0.06230646755938691
26163534400,0.036088850989414785
26163986300,-0.46091196120356387
26163987000,-0.24326984726697942
26163521800,-0.15994972259116275
26163596300,-0.14028748276533118
26163524001,-0.08446275986780363
26163523300,0.33726612766797354
26163982101,-0.1614133336473182
26125981100,-0.5197040964587256
26125196600,-0.11539016768906452
26099260100,-0.08807449350488224
26163550200,-0.11606242079469652
26125153000,-0.1815280472131964
26163520400,-0.052899864318423084
26125180200,-0.21670210875043214
26163531501,-0.07200087321398277
26163984100,-0.39168400014761157
26163524101,0.011948722429157514
26163501400,-0.07429659425138095
26163985500,-0.45571145196050034
26163507500,-0.10796462032476038
26163553100,-0.08735820332819151
26163525800,0.1105938360120372
26163546600,0.055142304947297244
26163533100,-0.18950362055940614
26099224300,-0.17137557114841193
26163983600,-0.5053837340514127
26163588002,-0.05856287722329876
26163571600,-0.2814278719610151
26099263800,-0.2073775048666023
26099230700,-0.1618080996380718
26163546000,-0.13177090606571393
26163503900,-0.04435707756390884
26125123100,-0.01388474221032492
26163533200,-0.022909301945826348
26163985900,-0.29710270017517054
26161400500,-0.16772340118561968
26163535700,-0.10019406202111243
26161404100,-0.5569022697566633
26161445000,-0.08091001834982374
26161980400,-0.21841222347887043
26161400800,-0.2685313480478172
26161403500,-0.012092584325691142
26093733100,-0.14213335683420544
26161402601,0.2788013378983621
26161404300,-0.1843171585302555
26093740600,-0.2575749564633116
26161980600,-0.0019000095717500477
26099256100,-0.08200902040605909
26163556600,-0.14290473613660076
26093742700,-0.07610049409608496
26163982302,0.24122568488715085
26163539700,-0.0981542254586816
26163564700,-0.06465185542469497
26163986200,0.005052089387216566
26163531200,-0.20841794396462804
26161410500,-0.16664538985366872
26161410400,-0.06469892793805646
26125192500,-0.1393235891362595
26125167900,0.011441248394925461
26163546700,-0.08049678505331041
26163986600,0.1818531762253418
26163514500,-0.348058297780878
26163504400,-0.07653508948905949
26163543500,-0.02096638397262491
26093744700,-0.07300206035475516
26163546201,-0.018449123579554843
26163538800,-0.060118783399653486
26163544200,0.12547036089344182
26163507200,0.1599060001149599
26163981700,-0.4932354492390836
26163986502,-0.5455933354735557
26125981000,-0.31335367625005534
26163986100,0.4761520624720242
26163983200,-0.34641394225934374
26093712602,-0.030993024100675004
26163513200,-0.07844599646698064
26163982301,-0.4064311506677207
26163544800,0.010687501344284592
26163985600,-0.13197951764090748
26163986400,0.39666830131653924
26163982600,-0.4535797961003548
